name,email,primary_phone,address
Nico,naskin0@rambler.ru,9399298297,87625 Sachs Hill
Salim,sstaddart1@wikimedia.org,5159771583,379 Hermina Road
Ginni,gbatchellor2@netscape.com,2606104768,645 Alpine Circle
Kennedy,klowsely3@archive.org,2066131532,0069 Oak Crossing
Laurie,lblurton4@t.co,5617553663,641 Longview Plaza
Duky,dcraigs5@bing.com,5402613962,242 Meadow Valley Park
Marlo,msavary6@cisco.com,7418594595,71 Namekagon Crossing
Dev,dlazar7@skyrock.com,1118327452,00292 Stephen Place
Shamus,sboribal8@51.la,8079375956,7485 Namekagon Center
Townsend,tyakuntzov9@studiopress.com,6849360574,3 Melby Trail
Yuri,yguitona@t.co,3149555698,17 Huxley Trail
Roxine,rbramwichb@kickstarter.com,6773887496,26 Arizona Junction
Dorotea,dtrigglec@bbb.org,7606015479,80260 Raven Hill
Bebe,barmittd@a8.net,3262816208,405 Goodland Junction
Clemence,cbilboroughe@cisco.com,4993759504,32224 Meadow Vale Junction
Byran,bwoontonf@pcworld.com,4332240472,2 Schlimgen Court
Jacky,jhaweg@nytimes.com,9068479954,434 Blackbird Plaza
Nollie,nallonbyh@weebly.com,6834451649,76579 Stone Corner Center
Ardath,abellii@facebook.com,5264451590,110 Milwaukee Terrace
Chrissie,csygrovesj@cyberchimps.com,7823136926,6 Golf View Avenue
Marshal,mhugonink@networkadvertising.org,7358846326,598 Rockefeller Road
Laure,lboshierl@devhub.com,1096190951,407 Red Cloud Trail
Chad,cjunem@hexun.com,5951864830,4 Division Park
Tatiania,timpyn@java.com,2666558022,9 Red Cloud Hill
Lotti,lshervilo@sciencedaily.com,4155923853,4 Kinsman Place
Mari,mbrambleyp@washingtonpost.com,5627374216,6487 Clemons Alley
Zenia,zdurbanq@slashdot.org,5087942929,24 Northview Park
Shaine,shamblyr@oracle.com,4047295177,01460 Amoth Drive
Ortensia,oantonellis@dailymail.co.uk,9914829957,09836 Luster Pass
Sim,sclampint@baidu.com,7502009347,20 North Center
Shanon,sruddicku@freewebs.com,6651905849,044 Russell Street
Krisha,kmarv@globo.com,2031815998,3 Hagan Point
Eddi,emawfordw@arizona.edu,6079040262,366 Briar Crest Way
Bowie,bbagnellx@about.me,3504348172,86 Lillian Way
Kitty,kbraddicky@ebay.co.uk,9938670310,51308 Larry Center
Kerr,kgottsz@stumbleupon.com,6864603600,28204 Green Parkway
Elvera,emcdougald10@jalbum.net,7197134849,0 Larry Road
Teddie,tshepley11@diigo.com,8517924072,7 Anzinger Drive
Brunhilde,blorraway12@rakuten.co.jp,6469960574,329 Charing Cross Circle
Lanni,lallward13@so-net.ne.jp,6968058045,1 Ludington Junction
Howard,hfeldhorn14@prnewswire.com,8125673726,15652 4th Street
Tessa,tbalaam15@usatoday.com,7559565065,3 Mandrake Parkway
Randie,rdargavel16@creativecommons.org,6254215592,952 Mallory Lane
Adolphe,aloudwell17@networkadvertising.org,3147408329,72 Oak Center
Bertine,bmichie18@studiopress.com,8295423993,54475 Jenna Terrace
Lynnett,lbraysher19@pbs.org,4336957808,38424 Larry Parkway
Nichole,nkench1a@oakley.com,5921896124,5 Dennis Hill
Ferguson,flocket1b@so-net.ne.jp,8822311148,314 Del Mar Court
Kiersten,kfelip1c@issuu.com,5047639254,7 Shasta Terrace
Nessa,nruckledge1d@csmonitor.com,3674533702,999 Burning Wood Court
Prinz,phuxley1e@etsy.com,3997677251,66291 Fallview Court
Osgood,obossons1f@slate.com,8924853253,36 Ryan Pass
Vinson,vculy1g@rakuten.co.jp,3611622815,1 Burning Wood Drive
Abigale,ascrannage1h@epa.gov,6504366961,37467 Maryland Junction
Baryram,bendecott1i@fastcompany.com,1418109661,0719 Mandrake Street
Booth,bwhiteoak1j@multiply.com,2533533727,20069 Memorial Court
Clemence,cspurdon1k@auda.org.au,6106602914,105 Ridgeway Circle
Marco,mdigger1l@wunderground.com,8651951683,2 Farwell Court
Guenna,gmattioli1m@elpais.com,6223029089,7578 Hagan Point
Gun,gwillisch1n@php.net,5385696486,917 Corscot Center
Filip,foakton1o@purevolume.com,3003550189,527 Summer Ridge Lane
Hildagarde,hdinis1p@hc360.com,3349560327,8145 Green Lane
Gothart,ggripton1q@tripod.com,2663613587,8269 Gale Circle
Brannon,bpetheridge1r@domainmarket.com,6539044643,09780 Shasta Trail
Arri,agahan1s@hhs.gov,8619520243,58866 Elka Court
Michaela,muzielli1t@reference.com,2542410709,22 Moulton Road
Northrup,norganer1u@bloglovin.com,6751163793,54 Pankratz Crossing
Rock,rmirfield1v@barnesandnoble.com,6882498484,68642 Stuart Hill
Tucker,tfitzsymonds1w@netvibes.com,3778956230,892 Twin Pines Park
Demetra,dgueny1x@google.ru,9175675601,54 Debs Drive
Laney,lrucklidge1y@merriam-webster.com,3366091507,28721 Anthes Alley
Taryn,tcoare1z@stumbleupon.com,7282938649,2 Messerschmidt Center
Faun,fmcphilemy20@sogou.com,8736515903,5 Meadow Vale Crossing
Lana,ltopling21@theguardian.com,5153931163,59 Marcy Street
Clo,ccaesmans22@va.gov,9618927580,1 Karstens Hill
Zebulen,zregitz23@parallels.com,4227703429,94 Hazelcrest Crossing
Rosco,rbroderick24@photobucket.com,4805885663,3953 Annamark Avenue
Damiano,dgrimster25@about.com,9832714800,35 New Castle Place
Jania,jgrieves26@stanford.edu,1563003037,34014 Hallows Lane
Peyton,pcrolly27@weibo.com,8138634804,4785 Raven Way
Kori,kfolini28@cocolog-nifty.com,8632454010,47929 Maryland Parkway
Gene,gdericot29@biblegateway.com,5862788020,28965 Fuller Lane
Kiri,kpalmar2a@nih.gov,9401942223,72 La Follette Junction
Jolynn,jwingar2b@omniture.com,4454861485,42 Bobwhite Junction
Teddi,tphilliphs2c@ow.ly,6561756545,12598 Meadow Valley Park
Kevan,kstodart2d@ftc.gov,1719955214,8 Aberg Alley
Ginevra,gmarklund2e@topsy.com,9297018433,6238 Summer Ridge Circle
Alley,aadame2f@earthlink.net,6662596691,9 Crescent Oaks Junction
Cassaundra,cwoakes2g@cdbaby.com,6831735001,3877 Northland Point
Gonzalo,glittrick2h@webeden.co.uk,2351280566,31 Steensland Place
Ashlee,aelderton2i@theatlantic.com,8434804038,7 Talisman Point
Jonathon,jganders2j@opensource.org,7609807896,12566 Farragut Alley
Elsworth,ebellringer2k@purevolume.com,1061858140,4472 Hoffman Crossing
Neill,ncoulson2l@hp.com,5204915496,78 Esker Crossing
Charlotte,cpellatt2m@reddit.com,6388472525,57 Bultman Crossing
Mireille,mrobinette2n@tripod.com,4244251244,44 Shelley Street
Welsh,wmcgonigal2o@i2i.jp,2451736706,5665 Reinke Trail
Bud,bdodds2p@hexun.com,3398468881,3 Sunfield Trail
Keene,ksimmonds2q@phoca.cz,1471077171,69410 Vermont Pass
Alison,alemarchant2r@princeton.edu,6736878497,3936 Redwing Alley
Meriel,mhritzko2s@ucla.edu,4916517308,0092 Lien Hill
Deidre,dmasarrat2t@ustream.tv,6932851417,7 Old Shore Terrace
Claiborne,chardistry2u@mozilla.org,9378731006,6442 Fordem Hill
Marylou,mroffey2v@blogspot.com,7037896749,74857 Express Road
Sianna,smacteague2w@craigslist.org,4919678672,86 Schmedeman Way
Gnni,gdavys2x@economist.com,8238174850,6069 Brown Road
Maddalena,mpacquet2y@google.com.au,4199603496,21 Warbler Crossing
Emlyn,ekillingbeck2z@wordpress.com,5026499055,27 Chinook Way
Margaret,mgoodbanne30@chicagotribune.com,3309531605,60 Bowman Alley
Giulietta,ghowsley31@hugedomains.com,9935196137,9 Dryden Hill
Nicolas,nlytell32@yahoo.co.jp,6747637094,9 David Point
Uriah,upoulsen33@wikia.com,5515437890,0151 Ruskin Plaza
Broddy,breiglar34@artisteer.com,5764008965,740 Oak Valley Junction
Lynna,loconnel35@paginegialle.it,1944526559,61265 Moland Junction
Arlen,adalliwater36@ycombinator.com,7697453076,3 Charing Cross Pass
Sher,sradmore37@163.com,8911294495,51032 Ronald Regan Road
Kendrick,kyekel38@mashable.com,2622129889,231 Drewry Junction
Debora,dkittow39@yahoo.co.jp,4061015019,24505 Hoffman Circle
Reta,rvertey3a@wired.com,2734611579,25 Oak Way
Sherlocke,scragoe3b@weebly.com,8958064135,7 Quincy Avenue
Kaitlynn,khebbs3c@w3.org,9498112332,62544 Vermont Street
Kean,kmiell3d@dell.com,6831067167,1895 Oak Valley Crossing
Meaghan,mruckert3e@pen.io,5144696828,30 Hollow Ridge Crossing
Smitty,sarmatage3f@stanford.edu,6197114145,09 Moose Place
Joela,jheadingham3g@dmoz.org,9337970525,2 Prairie Rose Parkway
Banky,bwareham3h@bloomberg.com,4649461704,1902 Badeau Terrace
Caria,cmazzilli3i@nbcnews.com,8376125955,2 Kedzie Pass
Ripley,rtomkies3j@ovh.net,5431888427,7904 Wayridge Parkway
Land,lwalder3k@usa.gov,6101825311,73740 Little Fleur Point
Kimmi,krawsthorne3l@cdbaby.com,4808181316,599 School Court
Umberto,usay3m@narod.ru,4612207008,9552 Debra Pass
Roddy,rcastleton3n@springer.com,6766321369,69266 Lake View Circle
Violetta,vsonghurst3o@wp.com,7412661971,1 Northview Street
Shepherd,sfillan3p@oracle.com,4172524900,9 Lukken Place
Dickie,dtyreman3q@oakley.com,7997811411,5 Merry Hill
Frannie,fchallenger3r@yahoo.co.jp,4057232429,9072 Warrior Alley
Dorita,dgaudon3s@geocities.com,6368128799,293 Raven Point
Emanuel,efranzman3t@smugmug.com,1766605506,52 Village Place
Fitz,fwraight3u@slate.com,4348323815,636 Starling Trail
Horace,hhearnes3v@tiny.cc,9935186567,9544 Kings Plaza
Fawnia,fewart3w@is.gd,4805062657,64952 John Wall Center
Halsey,hllewelyn3x@gizmodo.com,3881662972,146 Brentwood Alley
Willard,wryves3y@gizmodo.com,7491490689,042 Scofield Trail
Tiff,tstoate3z@ucla.edu,8091905275,2 Havey Hill
Armstrong,arojel40@livejournal.com,7398296138,5354 Muir Avenue
Bren,babbys41@nydailynews.com,5061446376,94696 Sunnyside Avenue
Baron,bocannan42@webeden.co.uk,2121502357,1354 Waywood Point
Dawn,ddutch43@xing.com,3976652192,1 Kipling Hill
Morgana,mveale44@plala.or.jp,5278132379,479 Surrey Alley
Emmalee,egeorgins45@msn.com,8759752043,0228 Kinsman Street
Nichol,naxton46@cbslocal.com,3298848945,24 Blue Bill Park Center
Anetta,awiddison47@nyu.edu,3647451104,05529 Riverside Plaza
Beth,bgandar48@ameblo.jp,3803271745,5 Golf Park
Caspar,craxworthy49@bloglines.com,6747246468,39 Bunker Hill Drive
Ambrosi,aguise4a@mapquest.com,5646475963,35 Orin Parkway
Tresa,thunt4b@unblog.fr,2922482948,11134 Blue Bill Park Drive
Ulla,uidenden4c@about.com,4862868420,247 Old Gate Hill
Keefer,kgarwell4d@unc.edu,5336240691,69238 Susan Road
Amelina,aollington4e@nbcnews.com,5454747376,5790 Jackson Junction
Janeczka,jchrippes4f@microsoft.com,9618065561,81 Harbort Hill
Curran,cmerriton4g@github.io,9636188656,5 Warrior Alley
Liv,llinacre4h@miitbeian.gov.cn,5889163639,34887 Southridge Way
Kelley,kgore4i@goodreads.com,6531385261,25028 Independence Way
Jerald,jpalombi4j@cbc.ca,4743538976,07 Forest Dale Alley
Halsey,hstrank4k@vimeo.com,5006679562,0 Forster Center
Andreas,akornas4l@unc.edu,6469840425,29 Straubel Alley
Mikkel,mnutman4m@boston.com,1615412007,32516 Bartillon Avenue
Kettie,khillock4n@istockphoto.com,1316307308,57606 Carpenter Crossing
Arleyne,acumo4o@live.com,4703286128,82094 6th Court
Sheelagh,sjedrysik4p@icq.com,9331815874,585 Corry Plaza
Leonanie,lcowhig4q@t-online.de,1368025229,3 Charing Cross Court
Marshall,msalzberger4r@cam.ac.uk,7596576292,67 Waywood Alley
Madella,mshortell4s@techcrunch.com,9947375774,93760 Moland Road
Pauly,pjudgkins4t@last.fm,3907243286,425 North Pass
Heinrick,hbewley4u@discuz.net,4577204566,24216 Cardinal Pass
Kare,kriccardi4v@oracle.com,5672506875,9 Mesta Center
Brit,bdowson4w@bigcartel.com,9388922724,4197 Ronald Regan Plaza
Alwyn,abolding4x@networksolutions.com,2476929728,198 Sutteridge Junction
Thea,taland4y@phpbb.com,1532021677,77 International Parkway
Ynes,ylovat4z@oracle.com,6012037248,2 Pennsylvania Court
Siouxie,sgudahy50@usnews.com,2171460334,29098 Ridgeview Place
Peggy,pworrill51@sina.com.cn,1756886066,34 Larry Hill
Blake,btinham52@newyorker.com,7253078675,70 Lawn Junction
Bartolomeo,bgoomes53@about.com,5792769414,32 Main Drive
Randell,rmacallister54@sina.com.cn,7776453341,00 Fordem Center
Koenraad,kcandish55@ifeng.com,8365688706,7 Mayer Parkway
Kissie,kschulze56@earthlink.net,1415722723,8 Colorado Crossing
Aldis,aaugie57@nydailynews.com,6736100300,68372 Larry Way
Shaylynn,sege58@yolasite.com,7659725062,9147 Hallows Drive
Adrea,afahrenbacher59@jigsy.com,4868806236,9816 Johnson Court
Romona,rhinken5a@omniture.com,6557426016,9799 Clarendon Hill
Consalve,cskough5b@g.co,4288835647,260 Thackeray Park
Prince,pferrarone5c@1688.com,7222012251,08 Evergreen Alley
Benjie,bcator5d@walmart.com,3963246729,5282 Daystar Point
Cyndie,cgillow5e@reference.com,3789796098,17929 Namekagon Crossing
Tristan,troels5f@tinyurl.com,6543523622,20358 Waywood Terrace
Federico,ftrigwell5g@youtu.be,7918328213,6666 Coolidge Plaza
Virgilio,vferenc5h@netlog.com,3889883636,05214 Randy Avenue
Riley,rlisciandri5i@indiatimes.com,3111786840,59 Basil Center
Brian,bisakovitch5j@harvard.edu,7683142277,041 Kennedy Lane
Rickie,rmclaine5k@jimdo.com,6699201933,8243 Nova Alley
Karlene,kmacmenamie5l@symantec.com,1169305604,752 7th Pass
Daisie,dmckellen5m@about.me,9866316801,9 Park Meadow Circle
Agnella,amaccook5n@intel.com,6577745852,11988 Park Meadow Terrace
Mirabelle,mstansby5o@creativecommons.org,3402493140,19 Springs Court
Kristina,kascrofte5p@npr.org,1871997906,65381 Butternut Court
Adah,atonge5q@ucla.edu,9334875162,44568 Waywood Plaza
Amberly,amowbray5r@about.me,7862372685,490 Atwood Drive
Valenka,vtenniswood5s@google.nl,7933738802,008 Canary Alley
Babita,brobathon5t@twitpic.com,1475443121,93446 Claremont Terrace
Cristian,csomersett5u@cmu.edu,6928958181,91 Morningstar Point
Marcile,mportchmouth5v@bizjournals.com,1284300170,2595 Waywood Street
Nikki,nfronsek5w@whitehouse.gov,2199621153,21069 Sachs Drive
Sargent,sleyson5x@amazon.de,5539183064,09713 Daystar Drive
Hasheem,hcogger5y@sakura.ne.jp,7066932071,05 Autumn Leaf Junction
Malynda,mivashkov5z@si.edu,2199310619,81307 Gulseth Park
Cymbre,crubie60@skype.com,6748311582,74566 Myrtle Hill
Aila,abinion61@surveymonkey.com,6267334689,4984 Londonderry Pass
Eleonore,eeaken62@discuz.net,4468645722,214 Judy Hill
Myca,mvicary63@spiegel.de,6659396452,9 Ridgeway Court
Arvin,apearsall64@opensource.org,7493735417,0 Donald Drive
Carmella,cparnaby65@comsenz.com,7136647501,61706 Loomis Terrace
Laura,landrieu66@seesaa.net,9198769344,60 Donald Center
Christabella,cellick67@hostgator.com,4505387524,916 Forest Trail
Jeni,jbratchell68@altervista.org,9365789131,72 Sutteridge Circle
Hilliary,hdye69@spiegel.de,2124403212,36982 Starling Road
Christie,coty6a@mac.com,6156687395,21 Talisman Place
Spence,spietasch6b@weebly.com,9441653581,3029 Lakewood Place
Aleta,ajammet6c@php.net,9738413315,7402 Claremont Park
Agosto,atoth6d@blogtalkradio.com,7348723535,0 Ramsey Point
Cari,cpovlsen6e@rediff.com,3985526615,70 Old Shore Court
Mord,mbateman6f@cbc.ca,2894763595,0172 Manley Park
Nalani,nmarlon6g@sourceforge.net,6604915793,72 Alpine Road
Remington,rfidgeon6h@wordpress.org,1001062713,3 Lighthouse Bay Alley
Duky,dlegerwood6i@freewebs.com,8435779858,1855 Express Pass
Brana,bbrowell6j@mapy.cz,4342940253,60751 Spenser Terrace
Elsworth,ecarty6k@earthlink.net,7817722426,177 Manufacturers Lane
Ericka,earcase6l@parallels.com,1947270421,8852 Coolidge Trail
Isiahi,ichipperfield6m@joomla.org,8855411345,3 Boyd Drive
Sergio,spollard6n@nytimes.com,3203594859,13 Chinook Avenue
Herschel,hmelloy6o@cbslocal.com,1216860201,1 Logan Lane
Gabe,gloweth6p@vistaprint.com,9267235239,0252 Packers Parkway
Chandra,cbaroc6q@tumblr.com,9321984315,87 Southridge Pass
Jamill,jdanko6r@myspace.com,9968014375,0 Birchwood Plaza
Odette,owoan6s@scientificamerican.com,9505294559,39 Riverside Hill
Bunny,bheining6t@symantec.com,6469196787,50865 Holmberg Point
Elwyn,emaillard6u@sogou.com,4276655735,7327 Roth Avenue
Mirabelle,mweagener6v@home.pl,8179793136,984 Maple Way
Pippo,peamer6w@w3.org,7063303856,488 Pond Avenue
Leopold,lclapton6x@cyberchimps.com,5123956139,4 Stuart Court
Ira,ibaldelli6y@xinhuanet.com,2819784003,54262 Bluestem Circle
Susana,spinhorn6z@ft.com,2126443712,3 Anhalt Parkway
Franciska,fgulland70@loc.gov,9591927468,0872 2nd Court
Jasmine,jscholl71@moonfruit.com,3904711209,906 Tony Place
Nataniel,nharrinson72@cornell.edu,8924116940,8368 Delaware Parkway
Rayshell,rcustard73@icq.com,7385356360,05 Quincy Crossing
Jaclin,jfaulconer74@icio.us,8612662393,01 Dawn Pass
Charo,cdunseith75@rambler.ru,2842997692,5 Shasta Court
Nicoli,nhaylands76@nih.gov,1874544901,352 Merrick Pass
Nonnah,nmccomb77@scribd.com,2698930632,530 Garrison Drive
Engelbert,easplen78@ebay.co.uk,6584293913,64409 New Castle Pass
Toinette,tfackney79@epa.gov,1388612858,64 Westerfield Parkway
Fletch,fkonzelmann7a@devhub.com,5116351376,3 Carioca Center
Albertine,aminghella7b@livejournal.com,1333690256,1989 Bultman Lane
Codee,cposten7c@census.gov,4468401068,3946 Lunder Drive
Barb,briquet7d@ovh.net,1894030705,3 Brown Junction
Grange,ggoutcher7e@simplemachines.org,5194662735,22 Kings Trail
Vitia,vhallas7f@cyberchimps.com,2035533279,93849 Nevada Hill
Mack,mfairlam7g@networkadvertising.org,5101291327,86 Cody Junction
Dania,dsylett7h@google.es,1474314309,14776 Pawling Hill
Benoite,btimberlake7i@mediafire.com,8158289792,7719 Homewood Parkway
Gayla,grochford7j@vinaora.com,6736687052,3 Sundown Lane
Anabelle,alloyds7k@deliciousdays.com,2996717387,06 Springview Drive
Butch,btatton7l@is.gd,2906596450,0344 Daystar Trail
Carmita,chofer7m@flavors.me,1299832929,889 Nobel Point
Brendon,bbruce7n@wordpress.com,8995741235,38 Springs Hill
Linell,lnoraway7o@opensource.org,3957437908,6991 Anderson Place
Tessa,tbartoszewicz7p@dmoz.org,9875295896,6056 Moose Parkway
Inge,iandryunin7q@irs.gov,2482431609,62 Leroy Point
Sophronia,sbenoist7r@dmoz.org,1074214335,68 Mallory Trail
Deedee,divakhnov7s@wordpress.com,9032826424,54012 Artisan Road
Humfrey,hcroucher7t@quantcast.com,8282248287,10576 Crownhardt Court
Ema,eyabsley7u@wikispaces.com,4007607844,073 Golden Leaf Parkway
Muire,mcawse7v@archive.org,3606584660,6 Del Sol Terrace
Chick,cgoodale7w@acquirethisname.com,8702416446,226 Paget Alley
Nikolas,ncorneck7x@oracle.com,6324218913,4 Ridgeview Terrace
Julietta,jjeffers7y@nba.com,2634428655,047 Sutteridge Parkway
Maurits,mdeinhardt7z@netvibes.com,3647995322,73746 Luster Park
Mike,mmcclosh80@reddit.com,4216604477,90 Butterfield Way
Sanders,segell81@barnesandnoble.com,7772819099,31407 Truax Pass
Octavius,omicheau82@netlog.com,6531764497,256 Reinke Park
Malorie,mclimance83@godaddy.com,1569975098,34 Shoshone Alley
Theressa,tvatini84@pen.io,8491932522,0072 Hudson Street
Nikkie,ndeeves85@dropbox.com,1463887447,0431 Marquette Crossing
Dougy,dhavard86@wikispaces.com,5861422061,367 Luster Alley
Jeffry,jjentzsch87@imageshack.us,6038976004,0 Rieder Crossing
Zarla,zswettenham88@ftc.gov,1611713781,28076 Carberry Pass
Chevy,cdobrowolski89@wikimedia.org,3121652666,409 Acker Alley
Nobie,nkennedy8a@cloudflare.com,3767832024,47958 Kennedy Place
Mitch,mbalden8b@slideshare.net,3792032891,08094 Waywood Alley
Helli,hsukbhans8c@bigcartel.com,4566965024,629 Logan Circle
Phillip,pmacaulay8d@hatena.ne.jp,6676313731,408 Parkside Pass
Cristal,cfaill8e@phoca.cz,4005567634,89195 Tomscot Road
Lorri,llacy8f@rediff.com,3532186138,10585 Becker Alley
Ollie,osutherby8g@hubpages.com,5915726648,96913 Susan Street
Dagmar,ddewilde8h@utexas.edu,7652817413,5 Ridgeview Avenue
Lucienne,ldabner8i@netscape.com,5436894676,2 Lakeland Hill
Irena,isimo8j@addthis.com,5601240416,57717 3rd Court
Jefferson,jnoble8k@blogspot.com,9527438307,9 Lotheville Point
Alexandra,alindelof8l@newyorker.com,4265075791,409 Corscot Circle
Augusta,aharby8m@noaa.gov,8924684177,63662 Dryden Park
Israel,ietheredge8n@tmall.com,9609193527,8820 Stephen Way
Debbie,dferns8o@digg.com,5102277898,7 North Plaza
Averill,adrinkhill8p@dot.gov,7863689359,28 Rutledge Terrace
Tiertza,ttorrisi8q@e-recht24.de,9496722975,04492 East Point
Ruben,rchadwell8r@nytimes.com,1026013266,17541 Dunning Junction
Berton,bpavolillo8s@wsj.com,7319161939,377 Lunder Circle
Nial,nrothery8t@washingtonpost.com,3506625411,4 Lerdahl Drive
Jacob,jbeere8u@t-online.de,2841420163,7398 Clove Street
Nolly,nmaddra8v@upenn.edu,1072660932,65306 Tony Alley
Inglis,isarch8w@va.gov,9517612904,676 Grayhawk Junction
Moishe,msneller8x@qq.com,3571130876,06012 Oak Trail
Weston,wlanchberry8y@mlb.com,8082375964,8 Erie Trail
Trumaine,tmollett8z@chicagotribune.com,9523357195,96734 Muir Park
Pietro,ppoulsum90@ebay.com,3353386942,42111 Nelson Street
Kiele,kpashen91@cisco.com,6555487932,093 Stephen Place
Chrisse,chobbert92@feedburner.com,3228223387,520 South Court
Elly,eguirau93@sohu.com,2665756437,2 Talmadge Pass
Sonya,shachard94@gnu.org,4025615340,16535 Grasskamp Circle
Eddy,emollnar95@altervista.org,6862043865,1964 Talmadge Alley
Fawnia,fauden96@blinklist.com,9251479216,14 Thompson Center
Nichol,nrobbey97@webeden.co.uk,4275859522,49 Columbus Court
Kristos,kallicock98@blogspot.com,3582450136,4975 Fuller Street
Burnaby,bbirwhistle99@cargocollective.com,1339790296,18 Westridge Lane
Wells,wleddy9a@mediafire.com,5949678834,616 Express Plaza
Meg,mhouseman9b@sitemeter.com,4532812516,7890 Pearson Drive
Luise,lmcgeechan9c@discuz.net,8693347852,1 Vermont Plaza
Iver,ihankard9d@usa.gov,5532263434,3 Darwin Street
Terrence,tsherburn9e@geocities.jp,1323330066,76802 Blackbird Point
Bruce,bmcmeanma9f@dedecms.com,2026527715,8 Victoria Trail
Jervis,jbenson9g@nps.gov,6377051726,930 Dennis Crossing
Katrinka,kriggulsford9h@csmonitor.com,1886210773,10 Talisman Crossing
Dulcinea,dvolkers9i@washingtonpost.com,5866833537,17 Arkansas Center
Hadlee,hgiral9j@ucoz.com,5064965008,40234 Sage Center
Joann,jcarne9k@mapy.cz,5795095586,0214 Lawn Hill
Irina,ipickburn9l@example.com,5225218395,784 Daystar Way
Rycca,rcastard9m@abc.net.au,8342844077,89 Oak Valley Alley
Arabella,aleffek9n@yale.edu,7731594938,8080 Hudson Junction
Larisa,lneissen9o@nytimes.com,1833624628,24081 Kipling Terrace
Amara,afiennes9p@mit.edu,7293963929,762 Bluejay Avenue
Bird,bvicioso9q@over-blog.com,9411609089,12 Tony Place
Rianon,rpamphilon9r@goo.gl,2648094582,72748 Hooker Crossing
Annamaria,areame9s@stumbleupon.com,4875118695,503 Vidon Crossing
Misha,mdunne9t@arstechnica.com,6834054764,275 Iowa Junction
Jenine,joakton9u@java.com,1441824935,25 Blackbird Center
Gaspar,gstubley9v@opera.com,2456713412,03109 Myrtle Hill
Ulrike,ubullivant9w@webs.com,6737054351,43 Prairieview Avenue
Royall,rbernasek9x@odnoklassniki.ru,8814417407,0844 Waywood Pass
Nathalie,npankettman9y@ow.ly,6546905170,83854 Pierstorff Street
Shena,svause9z@cdbaby.com,3794453491,6947 2nd Circle
Anson,ashewana0@wunderground.com,7142765500,7 Jay Parkway
Orelie,oturneya1@webmd.com,5392335227,6614 Toban Plaza
Gregoire,gfitzsimonsa2@indiegogo.com,5617412636,4 Mcguire Pass
Anderson,awhatforda3@jiathis.com,1814489391,1176 Jenifer Drive
Teodora,tsmyea4@springer.com,8359118444,0 Oriole Road
Debbi,dwozencrafta5@surveymonkey.com,3871689300,09 5th Terrace
Dorothy,dallowaya6@narod.ru,1606815559,4209 Larry Point
Montgomery,mdolohuntya7@microsoft.com,6772904356,81 Kensington Center
Brucie,bspinelloa8@blog.com,4223463067,1486 Delaware Junction
Nobe,ncaistora9@chronoengine.com,7254626441,6 Nova Avenue
Dick,dmcroryaa@jugem.jp,8291940634,91907 Farmco Circle
Murray,mblaskeab@geocities.com,2793600491,719 Mallory Park
Shandee,ssutworthac@earthlink.net,5726744898,961 Forest Run Center
Gerick,gleurenad@slideshare.net,4624658065,1 Melody Drive
Filberto,fthomblesonae@army.mil,5951088907,1 Roth Circle
Dennie,daxtellaf@wufoo.com,6411725031,99499 Waubesa Terrace
Colin,csparyag@bloglines.com,3487501841,38 Maple Wood Junction
Gayleen,gaucoateah@bing.com,2813302047,30363 Welch Circle
Berny,bburthomai@comsenz.com,6159865884,6439 Sheridan Alley
Meredith,mboyneaj@yahoo.com,8931079403,8 Oneill Center
Burr,bbooelnak@wunderground.com,9394187675,5 Coolidge Way
Louisette,lmaystoneal@a8.net,5124205715,317 Tony Crossing
Delaney,dshoubridgeam@istockphoto.com,1131761484,9278 Burrows Crossing
Esther,edraperan@usda.gov,9888269025,045 Loftsgordon Court
Auguste,alethieulierao@jigsy.com,4684753992,183 Butterfield Pass
Kikelia,kceresaap@ftc.gov,2937263660,642 Grover Street
Sylvan,scairdaq@apple.com,8037461049,88965 American Ash Avenue
Red,rdanilchikar@biblegateway.com,3094956415,8 Mitchell Hill
Luca,lkibardas@auda.org.au,9084403146,719 Graedel Parkway
Juli,jumbertat@hibu.com,1477428184,2 Columbus Terrace
Fanni,fcofaxau@t.co,9498592388,86 Carey Center
Frederik,fringhamav@delicious.com,6338412760,1 Coolidge Center
Marlane,mmonckmanaw@clickbank.net,2926788749,19781 Melrose Crossing
Jamima,jmorantax@hud.gov,4467528163,0497 Ilene Plaza
Dreddy,dcullenay@tmall.com,2807774405,22 Old Shore Road
Marty,mdanseraz@nih.gov,5123499051,10656 Autumn Leaf Park
Fleur,flesaunierb0@prweb.com,4301887174,68 Weeping Birch Circle
Haze,hkovelmannb1@bandcamp.com,5909804774,6 Magdeline Road
Avie,awrighthamb2@unc.edu,3556065229,65 Scofield Place
Melonie,mvallenderb3@rambler.ru,8057292304,3424 Derek Alley
Sarita,sarmallb4@oaic.gov.au,8398940781,618 Arapahoe Parkway
Findlay,ftickelb5@paginegialle.it,7759316377,6 Delaware Lane
Leelah,lkingsleyb6@mysql.com,2041716093,48 Melby Center
Reece,rolunnyb7@flickr.com,7678740110,9 1st Plaza
Filbert,fyoxenb8@myspace.com,6344480896,9 Rigney Hill
Natal,nskeermerb9@nsw.gov.au,5404266658,98525 Badeau Center
Junia,jshallba@webnode.com,6974127718,3 Basil Terrace
Rubia,rcoomberbb@sun.com,8469825338,08011 Carberry Parkway
Erinna,ewhykebc@typepad.com,1855277955,30693 Fieldstone Parkway
Kendrick,kpretselbd@photobucket.com,8214077996,11 Bobwhite Plaza
Emelda,edarwenbe@hexun.com,4466856964,6326 Norway Maple Parkway
Rachel,rromainebf@oakley.com,2242289961,7 Barby Lane
Wiley,wpearnbg@ameblo.jp,8278831304,6 Surrey Avenue
Cecile,cbesekebh@constantcontact.com,4259057211,55 Sycamore Crossing
Lucine,lloosemorebi@slideshare.net,2125111388,54244 Havey Way
Lissie,lkockbj@blogs.com,5175830738,857 Barby Trail
Averil,aharpinbk@goodreads.com,3371226426,8130 Heath Terrace
Roxane,rsweedbl@sciencedirect.com,7121934747,8753 Holmberg Crossing
Zebedee,zlunnonbm@wikispaces.com,9649045027,2 Valley Edge Plaza
Zabrina,zclawleybn@vk.com,3694895737,16 Hanson Drive
Sarita,smcallisterbo@marriott.com,5981847366,36 Ridge Oak Pass
Batholomew,bboakesbp@homestead.com,7303760624,37 Jenifer Parkway
Dav,dkerfodbq@nps.gov,3964145924,5857 Meadow Vale Trail
Marcie,mjeavonbr@dedecms.com,9231416977,03 Towne Plaza
Court,cfrancescobs@deliciousdays.com,2096700165,298 Farragut Place
Lissy,ljestbt@bbb.org,9554733729,50 Harper Avenue
Mollie,mshevelsbu@java.com,3844013290,100 Thackeray Circle
Brittne,bstandfieldbv@tripadvisor.com,5462058620,024 Blackbird Avenue
Shandeigh,sbollandbw@theatlantic.com,5727912063,5195 Kedzie Point
Janina,jskelbeckbx@xing.com,5143826758,9 Warner Street
Vaclav,vrebertby@unesco.org,6597335225,4197 Petterle Crossing
Jeremiah,jbyfieldbz@pinterest.com,4688162480,8 Clove Terrace
Crista,cpeec0@yelp.com,7834487931,6533 Holy Cross Hill
Mandy,mshurrocksc1@baidu.com,8414071264,102 Forster Place
Cherri,cbattissonc2@domainmarket.com,3604378216,3049 Mockingbird Place
Jacquelin,jearlandc3@nature.com,1581974861,79 Kennedy Avenue
Harvey,hlampbrechtc4@omniture.com,7351248757,882 Graceland Hill
Bald,bwiddopc5@shutterfly.com,3993558148,3534 7th Plaza
Arnie,anevinsonc6@yellowpages.com,8765936186,688 Claremont Point
Dorie,ddozdillc7@a8.net,5328928021,58590 Northport Point
Celestina,charbinc8@boston.com,7379706674,66700 Westport Pass
Fredrick,fogradac9@paginegialle.it,4185456099,63615 Summerview Park
Danielle,dpovahca@vistaprint.com,6902153481,1 Debs Alley
Fern,fdufourecb@infoseek.co.jp,4931668942,16 John Wall Parkway
Casper,cbordescc@google.it,3385107346,7931 Sommers Avenue
Arne,acorteiscd@wikispaces.com,8174251954,3 Bay Terrace
Dorie,dsheece@reverbnation.com,4076728309,61802 Weeping Birch Lane
Coralyn,creardoncf@mlb.com,4541924494,4 2nd Crossing
Christabel,cmaffullicg@columbia.edu,1454645656,75 8th Crossing
Shaun,slillecrapch@bbb.org,1272837217,32 Meadow Ridge Hill
Ada,alawelesci@seattletimes.com,4766796928,020 Mitchell Circle
Shaylah,srawlingcj@alexa.com,2224198453,3124 Dorton Place
Shawn,sstandingfordck@phoca.cz,2334066424,95685 Oak Road
Nikita,nkleecl@histats.com,4853052673,6741 Kingsford Point
Brandea,bquinceecm@vk.com,5805205200,71 East Park
Berton,bsymsoncn@miibeian.gov.cn,1013314659,5 Sage Plaza
Kylie,kdrustco@google.ru,3103255388,139 Lakeland Terrace
Alaster,arugierocp@biblegateway.com,4222460380,405 Vernon Street
Langston,lcantycq@salon.com,2143238651,1605 Sugar Plaza
Anthiathia,acammomilecr@ifeng.com,5729228826,080 Sunfield Pass
Brana,bsaffrancs@census.gov,1169988211,67008 2nd Court
Abdul,ainsullct@mozilla.com,5431408094,829 Quincy Way
Jess,jdacostacu@reverbnation.com,2127367254,9 North Street
Robina,rgallihawkcv@sourceforge.net,5834458324,2 Bayside Alley
Shaina,spfeifercw@bloglovin.com,3846463464,9 American Park
Arabele,asergeancx@wisc.edu,6994598719,1 Lawn Hill
Rina,ramdohrcy@mediafire.com,4203228593,97338 Hansons Parkway
Reyna,rfentoncz@paypal.com,7017219109,822 Hollow Ridge Park
Waylon,wriceardsd0@google.ru,7414824247,826 Blaine Point
Gayleen,gbellerd1@merriam-webster.com,7209733570,00 Jana Place
Prentice,palexanderd2@flavors.me,8652625371,0 Sage Court
Vladimir,vpennycordd3@google.co.jp,3272442941,499 Swallow Point
Anselma,astariesd4@independent.co.uk,2375597916,5723 Dixon Lane
April,aruddd5@geocities.com,4239212708,95 Sachs Street
Margot,mdukesd6@hhs.gov,2783393581,70 Talmadge Court
Roderigo,rhared7@istockphoto.com,2025572027,9 Bluestem Avenue
Valida,vtapnerd8@hao123.com,3803405180,336 Arkansas Parkway
Tybi,tengleyd9@topsy.com,6456863842,40706 Anthes Court
Jo,jstealfoxda@fc2.com,6141861885,73804 Bultman Crossing
Petra,pcottelldb@blinklist.com,2269201565,1 Karstens Crossing
Isabeau,ikeavenydc@netscape.com,2324906426,90096 Crownhardt Pass
Lucie,lshieldsdd@bbc.co.uk,5131595721,35 Transport Avenue
Carmelle,cpappinde@pcworld.com,9565166738,2 Katie Street
Zilvia,zjenkersondf@bloglines.com,2726121663,76 Corben Hill
Rodi,rguyondg@oakley.com,4207462568,8 Luster Place
Rollins,ryegorovdh@cnet.com,1065759120,53 Northview Street
Winnifred,wfarquarsondi@pen.io,2028570353,71 Cambridge Hill
Wilhelmina,wdomokosdj@sbwire.com,5003220559,4 American Ash Place
Temp,tkubiczekdk@economist.com,2956234924,582 Sunfield Pass
Warner,wbartotdl@sfgate.com,6767946359,3 Buena Vista Street
Diandra,drennydm@mlb.com,5586044087,13506 International Junction
Zitella,zdenzilowdn@hubpages.com,5472248626,180 Rusk Road
Randy,rtathacottdo@mapquest.com,1179033159,7798 Haas Avenue
Jaime,joclerydp@rakuten.co.jp,4348113581,9 School Court
Laurella,lkennondq@nature.com,4833405004,481 Tennyson Plaza
Johnna,jgrossmandr@mashable.com,5235463856,4701 Ridge Oak Street
Moses,mheintzds@vk.com,4192224125,847 Esker Alley
Taddeusz,torrydt@apple.com,7285346200,64 Moose Junction
Marty,mosseltondu@acquirethisname.com,2195443592,07 Randy Terrace
Margit,msandomdv@guardian.co.uk,8151025577,63753 Novick Hill
Rivi,rjuniperdw@patch.com,9826093375,05 Algoma Hill
Sofie,sstanniondx@is.gd,4871837806,9678 Colorado Way
Gonzalo,glardeurdy@unicef.org,5487879494,9791 Vera Way
Andriette,azorndz@constantcontact.com,9625070374,08280 Roth Point
Maire,mcasforde0@jiathis.com,2637146366,5 Mcguire Plaza
Daffi,dcosgriffe1@aol.com,9611522609,36309 Manufacturers Hill
Murdock,mdrennane2@nsw.gov.au,2058538020,95947 Ronald Regan Junction
Annadiane,aendone3@altervista.org,9672111191,92826 Amoth Court
Ursulina,urothschilde4@miibeian.gov.cn,5957903527,6 Hansons Road
Greg,gcuste5@auda.org.au,7195807487,1581 Haas Alley
Shannon,skobielae6@hugedomains.com,9372547985,021 Crownhardt Way
Hilary,hpurkise7@sphinn.com,5713886989,46 Loomis Park
Sabine,sgumarye8@unblog.fr,3458090165,59569 Weeping Birch Junction
Cristi,cbimsone9@moonfruit.com,1337578649,454 Basil Street
Johann,jlasslettea@ted.com,9337057488,374 Schlimgen Way
Vidovik,vphilbrickeb@canalblog.com,9013766147,54377 Pennsylvania Parkway
Barbra,bleallec@networkadvertising.org,9954116897,227 Clove Drive
Luz,lbeiderbecked@joomla.org,5732396323,9 Commercial Parkway
Davita,djindaee@printfriendly.com,8865447065,668 Randy Lane
Hakim,hturpieef@sciencedaily.com,5382600040,4955 Hermina Plaza
Joni,jaldridgeeg@amazon.co.uk,5831142143,6 Talmadge Pass
Correy,cweymaneh@xrea.com,6038369376,9572 Cordelia Drive
Nicolle,nheakeei@mediafire.com,1044190359,6116 Sutherland Drive
Berny,bambroisinej@pagesperso-orange.fr,5527986276,987 Spenser Park
Haley,hberrieek@nationalgeographic.com,5298390686,0 Menomonie Street
Afton,achalcraftel@unc.edu,1038639800,8 Talmadge Center
Carlyle,cmilberryem@newyorker.com,6281292461,59017 Cardinal Trail
Xaviera,xmollatten@mtv.com,6088469170,1103 Jana Place
Casey,cmabbutteo@ameblo.jp,2645513026,731 Buena Vista Alley
Lucinda,lfirpoep@parallels.com,6662376600,71 Buhler Pass
La verne,lkyttoreq@posterous.com,4125387369,5 Warrior Drive
Eli,ebreeer@un.org,6865748732,347 Briar Crest Point
Christophe,cmarrablees@biblegateway.com,3382718920,3 Forest Dale Trail
Tore,tprescoteet@artisteer.com,6165907014,715 Di Loreto Point
Abigael,abroomereu@github.com,3058312956,31 Dayton Crossing
Poppy,pmeelandev@furl.net,3553131381,450 East Trail
Gawain,gscothorneew@sun.com,6845906432,2 Lakeland Junction
Sibylle,shurdwellex@amazon.com,2177835900,341 Dayton Court
Linet,lsandeyey@nifty.com,5362459687,4760 Darwin Terrace
Annecorinne,abartolomeottiez@twitpic.com,2955334796,9 Bashford Point
Georgiana,gblabeyf0@independent.co.uk,4875984024,096 Lerdahl Road
Brant,bmacfadzanf1@purevolume.com,1412558472,588 Forest Dale Way
Garvin,ghaversumf2@vk.com,2765939047,6 Buena Vista Crossing
Aubrette,acasacchiaf3@ow.ly,5873222649,82 Banding Trail
Miran,modeef4@t.co,8315864824,5239 Bultman Center
Cristian,ccluneyf5@mit.edu,2126601533,3 Elmside Pass
Hedy,hsaltersf6@creativecommons.org,7628211656,5984 Karstens Street
Rube,rautonf7@squarespace.com,9439298675,9 Ridgeview Crossing
Orly,oflucksf8@boston.com,4688813406,9 Summit Place
Yvon,ypickeringf9@springer.com,8276762312,78 Mosinee Crossing
Hoebart,hciccifa@wikia.com,3824024165,59 John Wall Alley
Kelly,kdarmodyfb@boston.com,4739222649,261 Mallory Road
Suzanna,sdooleyfc@nih.gov,3813996439,99 Dennis Court
Netti,nrunacresfd@economist.com,8796460537,9624 4th Parkway
Mohandas,mkleeweinfe@biglobe.ne.jp,7497657933,6291 Tony Way
Clovis,cjadosff@who.int,6777835464,8 Monica Alley
Claudianus,crickaertfg@tinypic.com,6517582032,86 Pankratz Point
Drusie,dclurowfh@so-net.ne.jp,7185725127,77 Buhler Terrace
Letti,lbreckwellfi@uiuc.edu,7809886726,37117 Monument Center
Rodrick,rbontinefj@w3.org,3575911974,1 Dryden Hill
Jonell,jliebfk@dropbox.com,7066223364,6766 Haas Plaza
Kally,kbarouxfl@technorati.com,3534556138,51846 Novick Point
Koressa,ktomischfm@tinypic.com,3785637705,73110 Ramsey Way
Mikaela,mroonyfn@phoca.cz,4781817680,9 Homewood Lane
Daune,dkamanfo@livejournal.com,7437722237,60369 Schmedeman Alley
Osbert,oschildfp@si.edu,1204369727,7477 Huxley Street
Hannie,hfolleyfq@tmall.com,4586216637,55 Farmco Lane
Mauricio,madanezfr@bbc.co.uk,5469821242,71463 Continental Crossing
Andria,adurwardfs@bbc.co.uk,2841630510,376 Eastlawn Terrace
Goldina,gleanderft@zdnet.com,5411248075,480 Tennyson Circle
Orazio,ofosdykefu@trellian.com,7214350677,55199 Bay Place
Deena,dwaycotfv@wix.com,3565829986,1442 Maple Place
Eydie,eaustinsfw@irs.gov,7119530827,66 Jay Trail
Robinet,rsiddellfx@tinypic.com,6487811153,4999 Canary Terrace
Marie-ann,mspeeksfy@nhs.uk,7724430524,409 Havey Alley
Maressa,mgorriessenfz@nps.gov,7157104467,64694 Talmadge Crossing
Cris,cfolomking0@toplist.cz,9881752551,4 Lillian Alley
Paula,pescaleg1@sciencedaily.com,9659537502,09485 Jenna Pass
Silvia,smccuffieg2@icq.com,8033807524,6 Elmside Junction
Jacynth,jputlandg3@google.pl,3929314641,780 Harper Court
Britt,bwoodusg4@elegantthemes.com,4276470977,34 Buhler Terrace
Jeffry,jbalentyneg5@bbc.co.uk,7068595492,1087 Garrison Alley
Regan,rwickeyg6@hud.gov,9659491379,2374 Havey Junction
Lynnelle,lmatfing7@pen.io,2534146494,02342 Sage Pass
Rafael,rackeryg8@friendfeed.com,8064357172,34063 Jenifer Trail
Chiquita,cbohlingg9@wiley.com,3599897294,20 Knutson Parkway
Pauli,pdayshga@imgur.com,1122755998,99 Dixon Parkway
Lorrayne,lromaingb@hostgator.com,5076962932,29992 Oneill Plaza
Kit,khandysidegc@cbslocal.com,6834667099,5 Towne Plaza
Huntley,hboissiergd@techcrunch.com,5762614930,4 Hazelcrest Court
Bent,bbruinemannge@pbs.org,8951797154,13326 Dayton Street
Monti,mcasbongf@imgur.com,2204465259,40 Muir Trail
Wenda,wlydiategg@yellowpages.com,9182584229,65243 American Junction
Marmaduke,mmobleygh@dell.com,8897540591,5997 Holy Cross Lane
Arda,ajelksgi@behance.net,4392138674,249 Bayside Pass
Katharina,khazletongj@infoseek.co.jp,7374660876,5 Basil Alley
Dana,dpettigk@taobao.com,6946120901,5 Sachs Road
Ines,ibenbowgl@diigo.com,4149986148,416 Melrose Road
Nady,nwindrusgm@google.com,8195568836,704 Hooker Trail
Cass,cdavidwitzgn@de.vu,6591914163,72 Trailsway Crossing
Elisha,egledstanego@feedburner.com,9254120558,555 Main Trail
Tore,tpezeygp@addthis.com,8532574275,3 Anzinger Drive
Teodoro,tbaukhamgq@goo.ne.jp,8095820670,789 Boyd Center
Cass,cdionisettogr@gnu.org,4137864493,8 West Hill
Roobbie,rdemalchargs@mac.com,8463137777,18 Canary Parkway
Eulalie,ehasseklgt@upenn.edu,6271879121,9 Anniversary Avenue
Dena,ddychegu@harvard.edu,6651573392,9967 Carey Junction
Red,rocullengv@dedecms.com,2046310677,6 Bowman Pass
Halsy,hcoreygw@soup.io,7102210203,33 Gina Parkway
Eileen,elaileygx@1und1.de,8574108805,5957 Northwestern Drive
Dacy,dcrannagy@mail.ru,2671885344,25820 Hazelcrest Street
Shay,sbordisgz@typepad.com,7707648888,11 Morning Lane
Betti,bsharpleyh0@ucla.edu,3281034145,5969 Towne Place
Teddy,tharkinsh1@state.gov,9284468727,61 Linden Hill
Dalila,ddumsdayh2@epa.gov,8111601755,3 Forest Trail
Sarene,sschleswigholsteinh3@php.net,3106985086,824 Truax Center
Myrilla,mmarjanovich4@delicious.com,6038592901,086 Ramsey Drive
Lanni,ldimitrovh5@ycombinator.com,6176501919,45 Wayridge Circle
Collie,caloshechkinh6@w3.org,9385262024,359 Fremont Avenue
Selene,sdzeniskevichh7@chron.com,8706501821,1135 Macpherson Center
Roz,rswayneh8@patch.com,4908866589,95 Bellgrove Center
Rosina,rframminghamh9@ameblo.jp,5399274380,76767 Eggendart Plaza
Betteann,bgammadeha@hud.gov,3766352409,260 Banding Lane
Sher,sbrackhb@bigcartel.com,4895763600,5790 Anzinger Center
Charlie,cpeethc@adobe.com,4444518562,01 Hovde Plaza
Briano,bskeelhd@indiegogo.com,3623456371,6 Mosinee Hill
Petrina,pmitchelyhe@pcworld.com,5237702596,3989 Autumn Leaf Place
Temp,tbirkmyrehf@discuz.net,9146440229,85 Cascade Pass
Dominic,dtweddellhg@paypal.com,8172649763,9463 Manley Road
Craggy,ccottuhh@dion.ne.jp,5461381228,013 Nevada Alley
Devonna,dbomfieldhi@marketwatch.com,2927369589,33502 Kinsman Avenue
Jermaine,jdunbobinhj@nifty.com,1603624752,5 Manufacturers Trail
Tirrell,tbollettihk@redcross.org,8516540511,49952 Cambridge Crossing
Alasdair,aprozillohl@census.gov,2016817699,72 Porter Place
Luis,lgulyhm@lulu.com,7359233899,62 Onsgard Center
Teirtza,thaskewhn@tinyurl.com,4043764716,72 Everett Circle
Dionisio,dhannibalho@sina.com.cn,9747717510,191 Blaine Park
Donni,dleemanhp@mayoclinic.com,4908984344,4207 Arizona Pass
Rustin,rleehq@sakura.ne.jp,6815555255,8 Birchwood Circle
Rodge,rsaveallhr@studiopress.com,4501327267,8 East Court
Gerek,gfeldberghs@admin.ch,6502293471,58 Almo Terrace
Ivie,irochellht@timesonline.co.uk,8128580018,07 Annamark Pass
Leeann,lchatburnhu@thetimes.co.uk,7782162821,11 Del Mar Pass
Eden,eleebeterhv@xing.com,6677803904,54 Roxbury Avenue
Amalita,amacleesehw@google.fr,3283330549,0714 Everett Crossing
Rowe,rtirtehx@amazonaws.com,2745931745,59 Hallows Plaza
Gilemette,ggoligherhy@wiley.com,1341666896,36 Surrey Alley
Austine,afassumhz@pagesperso-orange.fr,9917266596,76881 Fairfield Place
Georgeanne,goakeri0@eepurl.com,3034988001,2 Linden Street
Farlay,fshortoi1@wiley.com,9156052899,1079 Milwaukee Pass
Karie,kioselevichi2@java.com,9268478866,14 Canary Alley
Marabel,mconeybeeri3@slate.com,9027849161,5834 Fieldstone Circle
Janice,jborresi4@ameblo.jp,8292806067,9921 Fairfield Drive
Annemarie,aattenboroughi5@indiegogo.com,4097329093,6 Aberg Road
Pen,pbirleyi6@craigslist.org,1039435164,7118 Springview Parkway
Barbe,bsemoradi7@studiopress.com,2829628941,1099 Rutledge Center
Deerdre,drentouli8@patch.com,9062239842,573 Schiller Lane
Emmaline,esartoni9@google.com.hk,2066466525,644 Westridge Terrace
Vally,vnaismithia@storify.com,3723365041,32824 Hoard Crossing
Glory,gstodeib@so-net.ne.jp,3238746661,215 Ruskin Road
Leonard,lwilseeic@geocities.jp,1588701501,25 Maryland Point
Druci,dclowesid@wikia.com,1125885045,61455 Monument Plaza
Melitta,moselandie@chronoengine.com,2272003887,5975 Chive Center
Jim,jparsallif@sphinn.com,2828113101,6091 Heath Court
Paulo,pspeddingig@ovh.net,9599839434,898 Esker Street
Ashil,astilesih@ihg.com,7219958946,4 Armistice Pass
Ely,eblofieldii@apple.com,7764065794,1 Tony Trail
Deanna,dbachshellij@domainmarket.com,8123370523,81230 Mallard Park
Catlin,cdeehanik@reverbnation.com,3042637423,0 Sheridan Pass
Corly,cdiddamsil@howstuffworks.com,2261699401,306 Texas Drive
Winna,wmaplethorpim@hao123.com,6302912283,6006 Myrtle Drive
Carleen,chonnicottin@prlog.org,1903686831,06 Weeping Birch Street
Martie,mdorinio@opensource.org,3365035241,356 Ryan Street
Albrecht,amccloryip@gov.uk,9849358725,55 Roxbury Trail
Avivah,ajiggleiq@independent.co.uk,6241700252,30 Hollow Ridge Point
Bonnibelle,bcoadir@reverbnation.com,4312499897,183 Superior Trail
Wylie,wpoizeris@boston.com,6034342351,42 Dovetail Road
Jenilee,jgeibelit@dailymail.co.uk,5356799892,56 Lawn Parkway
Kale,khollindaleiu@businessinsider.com,8451993220,7498 Summer Ridge Point
Aindrea,amcgaughayiv@goo.gl,8165063202,5 Clemons Center
Noam,nsouthertoniw@storify.com,8484305723,447 South Road
Gabriela,gmartuginix@topsy.com,4404277916,56550 Daystar Avenue
Verene,vbechiy@a8.net,7365610398,50000 Park Meadow Circle
Pippo,pupsaleiz@github.io,4603830393,0202 Sachtjen Drive
Orelee,opiatkowskij0@yelp.com,6452602314,147 Mosinee Crossing
Nick,njeanj1@gnu.org,6136163280,95 Prentice Crossing
Olivie,omissingtonj2@unblog.fr,4384941903,5 Ridgeway Terrace
Wally,wmcgiffiej3@exblog.jp,5881414518,68840 Sunfield Park
Tad,tcosterj4@fastcompany.com,1004794400,2955 Canary Circle
Gigi,gkortingj5@google.pl,2727904225,3 Portage Road
Clyve,creidj6@newsvine.com,7599601490,975 Esch Drive
Goraud,gsewillj7@nsw.gov.au,9795366411,41 Tennessee Court
Kailey,kseabornej8@123-reg.co.uk,3926594321,09 Mcbride Terrace
Lucine,lblowingj9@linkedin.com,9888907619,8597 Ronald Regan Lane
Alexandr,afieldingja@hexun.com,2999324421,5592 Westend Terrace
Anthiathia,abrachjb@zdnet.com,2304624370,6 Ludington Road
Horacio,htourjc@auda.org.au,6225465479,34 Marcy Place
Alyda,arobetjd@chron.com,1797284251,19586 Corry Trail
Rowena,rbollumje@jugem.jp,5936758852,5075 Marquette Pass
Ransell,relementjf@wsj.com,7643887205,5290 7th Circle
Jeannie,jgritsaevjg@businesswire.com,5992133942,7 Spohn Crossing
Kasey,kspiveyjh@google.ca,1315651098,8161 Mcbride Drive
Loren,ldaneletji@netscape.com,6356169954,45 Northwestern Drive
Nessa,nwetherilljj@rakuten.co.jp,3436622924,604 South Circle
Brian,bcandyjk@parallels.com,6394202507,8601 Laurel Hill
Levey,lsnyderjl@opera.com,9553117560,669 Ridge Oak Center
Adi,afantjm@comcast.net,1441135383,6723 Kennedy Point
Kathryn,kmcrobertsjn@admin.ch,8103808971,167 Glendale Lane
Vernon,vbontinejo@howstuffworks.com,4523476859,3465 Coolidge Hill
Paddy,ptrayhornjp@springer.com,8557206406,1755 Evergreen Park
Rana,rvedyasovjq@flickr.com,5284315408,07908 Helena Junction
Tulley,tgoldwaterjr@meetup.com,1174157821,69 Transport Terrace
Cordi,cyitzhakofjs@nydailynews.com,6412124084,0341 Red Cloud Street
Hans,hbroomheadjt@nasa.gov,4334530124,19 Judy Junction
Alfie,asturgeju@nationalgeographic.com,9865922178,7493 Larry Center
Randie,rstorekjv@walmart.com,3013835020,5014 John Wall Avenue
Nettle,npaskinjw@shutterfly.com,6767201053,8 Magdeline Point
Otto,omoulsonjx@kickstarter.com,3473579340,34677 Di Loreto Center
Ariel,adingjy@howstuffworks.com,7212600325,322 Merry Street
Ebba,eerleyjz@blogspot.com,6558832919,280 Pleasure Avenue
Joseph,jrosenblumk0@discovery.com,1735741673,00740 Hermina Park
Babs,bballantynek1@behance.net,8034269820,9 Kropf Hill
Robbin,rmatthisk2@google.it,9275487774,5740 Onsgard Crossing
Jill,jlayek3@sbwire.com,7587211806,33 Fordem Hill
Phelia,pbiglandk4@vistaprint.com,7148405077,66 Monument Parkway
Stuart,sgashionk5@sfgate.com,9754665672,47428 Tennyson Center
Chase,cnutbrownk6@oaic.gov.au,9313286267,91 Jenifer Avenue
Kaela,klangmaidk7@answers.com,4005805662,2408 Caliangt Park
Jacklin,jstummeyerk8@ft.com,6372903873,2 Northridge Hill
Ignatius,icanniffek9@histats.com,8941229289,489 Hallows Avenue
Guinna,ggooddyka@sitemeter.com,7469497365,1497 Onsgard Court
Ninon,nsawlekb@bandcamp.com,4844652537,74029 Becker Avenue
Tibold,tandryszczakkc@bluehost.com,1649070527,394 Ridge Oak Lane
Chandler,cburnupkd@dropbox.com,6356361490,7584 Fairview Alley
Patin,palesbrookke@geocities.com,7641046163,50 Anhalt Lane
Ashien,ahawkswellkf@typepad.com,8885364664,4 Truax Avenue
Ursala,uhengoedkg@senate.gov,1107623589,19236 5th Street
Neila,nsadlierkh@spiegel.de,8636373413,7613 Tomscot Junction
Jammal,jgoriniki@bluehost.com,1415910117,0815 Maywood Plaza
Karalee,kdanaherkj@alexa.com,5868867162,78 Artisan Hill
Sophronia,scrosekk@theguardian.com,3659163006,8 John Wall Hill
Blake,beplatekl@japanpost.jp,7822431527,0 Buhler Trail
Bing,bferridaykm@theguardian.com,5457290135,6 American Ash Center
Ethelind,emerkelkn@hostgator.com,6405610792,11 Portage Plaza
Sig,sbonwickko@reddit.com,2838540982,939 Rusk Court
Winne,wgroartykp@nbcnews.com,4937459282,326 Express Way
Aubrey,alinskeykq@google.com.hk,6334503753,819 Drewry Terrace
Guenna,gvaneevkr@hostgator.com,1725182497,57403 Novick Terrace
Suzanne,slaugheranks@cnbc.com,5308787004,05034 Shasta Court
Fairfax,fpudseykt@java.com,8025986593,0753 Bartelt Park
Ceil,ckensonku@bloglovin.com,1334620054,900 Calypso Hill
Eleanora,eprendeguestkv@umn.edu,9015412986,1 Lien Way
Nikolos,npeerskw@wikipedia.org,2729243793,50 Norway Maple Trail
Fraze,fdaniaukx@gnu.org,5505008483,52264 Karstens Alley
Lorrie,lsahnowky@technorati.com,8393977217,584 Oneill Crossing
Gallard,ggrigautkz@godaddy.com,9515919377,1 Longview Junction
Kelsey,kgivenl0@domainmarket.com,6883098318,56344 Forest Hill
Rosalinda,rdeasonl1@unesco.org,7432660707,66575 Bellgrove Circle
Marietta,meplatel2@timesonline.co.uk,1732023377,50 Grover Parkway
Delmar,dbohlerl3@1und1.de,9841080155,154 Kensington Street
Elna,egollopl4@oracle.com,5942467617,3 Ludington Court
Allayne,akeganl5@sogou.com,3211927157,5624 Annamark Way
Nicola,nfauxl6@barnesandnoble.com,2826903198,8899 American Ash Road
Carmen,cborleyl7@about.com,2045982756,4 Memorial Park
Trace,tkellartl8@canalblog.com,7779731179,8273 Washington Point
Fairfax,fmuttockl9@netlog.com,6267138090,36623 Hanson Hill
Dionne,dlabellla@dagondesign.com,7121241951,7 Mifflin Hill
Billye,blippinilb@tumblr.com,3104027670,5 Buell Hill
Phylys,phaggielc@usatoday.com,9817379637,8646 Westend Point
Ofilia,ophittiplaceld@msu.edu,3988622650,54 Anniversary Circle
Irvin,imattingsonle@economist.com,2288714723,7318 Caliangt Trail
Francisco,fscullinlf@cbc.ca,3643751126,69138 Eagan Place
Hallie,hoppylg@facebook.com,4906440968,22168 Everett Place
Courtney,cholganlh@pbs.org,6704062387,9 Cottonwood Center
Florette,fdollardli@chronoengine.com,5817904941,49067 Redwing Park
Dicky,dchumleylj@ycombinator.com,9879175093,3825 Rigney Plaza
Worth,wnelllk@google.fr,6892794740,19454 Banding Hill
Drew,dharmourll@wordpress.com,2318827899,8 Mendota Street
Ronnie,rgilcristlm@bloglovin.com,4067581289,1 Becker Road
Deloris,debleinln@youku.com,1646449187,14 4th Way
Durant,dastlo@un.org,7225181923,0 Badeau Court
Moria,mdovelp@oracle.com,4646866790,19 2nd Drive
Eustacia,egowrylq@vk.com,5853736162,55077 Tomscot Trail
Zondra,zledamunlr@blinklist.com,9545329932,05 Lerdahl Street
Wilek,wnevinsonls@usatoday.com,4649698759,704 Petterle Way
Nicolais,nmacfalllt@eventbrite.com,2806373248,18 Mayfield Hill
Margarete,mcadmanlu@exblog.jp,5928546754,832 Granby Court
Kathe,kgergerlv@fotki.com,7678561292,116 Holmberg Way
Inigo,ijoreaulw@printfriendly.com,3088814268,7 Northview Point
Beverley,bpairpointlx@liveinternet.ru,2549561782,06988 Onsgard Center
Titus,tattwillly@photobucket.com,3451093184,40 West Terrace
Madalena,mwakenshawlz@tuttocitta.it,1263887909,01 4th Terrace
Benito,bwreffordm0@admin.ch,3286937405,51103 Graedel Terrace
Hamid,hgabeym1@dmoz.org,9204450547,54938 Amoth Plaza
Kean,khuffam2@ibm.com,2621759047,6281 Thackeray Street
Emmalynne,esmallpeicem3@dagondesign.com,4071864111,73 Northport Street
Charmaine,ccasadom4@nps.gov,3872814315,69 Mcguire Avenue
Yancy,yeltm5@moonfruit.com,8245799624,0 Bunker Hill Drive
Creighton,cshortom6@jiathis.com,5908398583,2 Kingsford Park
Doyle,dmaphamm7@w3.org,3409111167,786 3rd Plaza
Burtie,bricharzm8@abc.net.au,1769367128,1925 Grayhawk Drive
Freddi,fkeiltym9@pinterest.com,5643553404,69493 Sauthoff Drive
Onfroi,olambalma@ebay.co.uk,1511538671,28128 Swallow Junction
Neila,ndanilovicmb@goodreads.com,1643865335,27 Crownhardt Point
Cosimo,coultrammc@mozilla.com,2064806500,08826 Pleasure Plaza
Celestina,civersonmd@nydailynews.com,1044433348,25432 Gerald Crossing
Haven,hcootesme@hibu.com,1272367880,21250 Elmside Lane
Jodi,jjedrasmf@globo.com,4503138407,0076 Hanson Parkway
Allister,ajaggsmg@flavors.me,7551956607,1444 Utah Parkway
Jorie,jmorrisonmh@aboutads.info,4784509143,18 Sugar Court
Salvador,smarquandmi@pinterest.com,4348536831,401 Waxwing Terrace
Bert,bpennycordmj@dmoz.org,6883153177,02931 Loeprich Alley
Enrichetta,ealyonovmk@spotify.com,2226846881,47628 School Alley
Tobi,tbessonml@gnu.org,4415288306,14 Sherman Court
Noel,nmoonmm@theguardian.com,3888084277,3747 Sachs Junction
Thaine,tsivernsmn@alibaba.com,3776544363,1165 Oak Drive
Munroe,mwhittammo@illinois.edu,9213645256,1 Cambridge Alley
Lesley,llouchemp@rediff.com,5691035197,958 Superior Lane
Adrianna,adowzellmq@npr.org,6133226096,767 West Terrace
Othello,oaustinsmr@smh.com.au,5594992312,59 Arrowood Circle
Wilmette,wmcbeanms@sciencedaily.com,2181792401,9 Washington Way
Doll,dcoulthurstmt@tripod.com,2243116538,40180 Commercial Avenue
Ginelle,gdollmanmu@cbsnews.com,8654435791,4 Merry Alley
Jenine,jpepperrallmv@usnews.com,8439631455,744 Carberry Plaza
Loralyn,lardenmw@businessinsider.com,7952243179,23 Del Mar Alley
Jorie,jsquirrellmx@nhs.uk,4737263586,893 Eastlawn Court
Wood,wfurseymy@gizmodo.com,2965333275,13187 Golf Avenue
Gris,gknightlymz@columbia.edu,9526797528,52823 Pennsylvania Point
Luise,lcowdroyn0@un.org,1366721242,6 Hudson Lane
Saunderson,snassyn1@wikipedia.org,2341019977,235 Mariners Cove Plaza
Joela,jashelfordn2@slideshare.net,5311121651,7 Hoepker Street
Bruis,blindemannn3@miitbeian.gov.cn,7278481125,383 Rigney Park
Carlo,cmckimn4@hugedomains.com,9451892303,9 Ruskin Center
Michail,mgisbyn5@ezinearticles.com,6238592115,6 Mesta Park
Christabella,cstukingsn6@symantec.com,1092541592,2 Northview Place
Grace,gpetyaninn7@usa.gov,1326479484,52 8th Point
Ronny,rosorion8@google.ru,6349857280,2529 Carey Point
Emalee,eneaven9@baidu.com,6457397773,21011 Meadow Vale Road
Giordano,gwilliscroftna@aol.com,1981887998,6 Oriole Terrace
Sofie,sgullbergnb@netlog.com,3386615992,280 Saint Paul Trail
Leoine,lscholfieldnc@drupal.org,3617133708,028 Waubesa Road
Quillan,qfeddernd@cbsnews.com,7983787425,4 Village Green Street
Torin,tschaferne@rediff.com,4268198806,935 Clarendon Park
Shaughn,salltimesnf@barnesandnoble.com,5654103541,7 Marcy Terrace
Marcos,mmcenenyng@blogtalkradio.com,8136246123,60046 Meadow Ridge Road
Judd,jdjurkovicnh@ocn.ne.jp,7316999459,8 Amoth Plaza
Aristotle,adelwaterni@technorati.com,8127811636,0 Saint Paul Pass
Constantine,cburdenj@artisteer.com,6513281359,20 Melody Trail
Alexina,akingmannk@jiathis.com,9841484950,8045 Glendale Point
Onofredo,olazarnl@posterous.com,2439277039,53 Veith Court
Cecil,cvirgoenm@ed.gov,4589326349,82 Barnett Lane
Kitti,khanshawnn@mozilla.com,6069037576,62776 Jackson Park
Mohandis,mperlno@nih.gov,7361945311,8137 Gina Drive
Hugues,hshrievenp@seattletimes.com,2682594828,83 Derek Terrace
Aluin,atabarynq@skyrock.com,5822521920,857 Bashford Pass
Linn,lleybandnr@123-reg.co.uk,3802750291,1189 Granby Court
Aubrette,ahoweyns@omniture.com,1323928395,3337 Hooker Way
Wilt,wbeatennt@ed.gov,7542197121,57 Bultman Plaza
Annora,azorronu@yahoo.co.jp,4276311120,8911 Lotheville Road
Serge,sornilsnv@walmart.com,7814241820,7 Bay Alley
Mario,mmillardnw@people.com.cn,2116968198,027 Granby Road
Odille,opigneynx@apple.com,9784077229,97268 Montana Way
Stavros,shannabusny@eventbrite.com,1779613945,471 Gulseth Road
Shamus,scaverhillnz@engadget.com,7608238194,2086 Spohn Junction
Monique,menticknapo0@example.com,4599280537,0192 Ridge Oak Point
Gonzalo,gelliso1@csmonitor.com,5862230601,934 Mariners Cove Parkway
Priscilla,pcuswortho2@ihg.com,9813236891,669 Elmside Street
Nichol,nfishwicko3@discovery.com,8272322916,75 Dovetail Alley
Herby,hchalliso4@barnesandnoble.com,5187565878,48 Hanson Crossing
Wren,wtuplino5@barnesandnoble.com,5552752589,99007 Namekagon Way
Lewes,ljaniko6@oracle.com,3816289915,05021 Marcy Drive
Forrester,fnorriso7@youtu.be,8379091829,0872 Warner Alley
Isidore,ilaugherano8@go.com,6535722796,2 Granby Center
Dmitri,diliffeo9@free.fr,5334077463,37 Sutteridge Parkway
Elmo,ekeeltaghoa@cloudflare.com,5888134838,8 Knutson Way
Orbadiah,oanthamob@facebook.com,4615335874,60 Shasta Way
Kanya,khofleroc@ox.ac.uk,5946584123,60 West Lane
Nessa,neberleinod@odnoklassniki.ru,7361880675,50 Warrior Hill
Malvina,mgeffenoe@histats.com,2358001814,4199 Del Sol Court
Lexie,lghidottiof@cargocollective.com,9377420567,4 Graedel Center
Sharlene,swhickmanog@abc.net.au,6811368082,1 New Castle Plaza
Sven,sdronoh@drupal.org,7751631004,73 Golf Junction
Cicely,cstocktonoi@nih.gov,5679006586,5 Hagan Avenue
Tomaso,tburrellsoj@guardian.co.uk,8065172008,7800 Texas Point
Gale,gpietzkeok@hugedomains.com,1407924712,3 Hoffman Alley
Enrika,etripeol@blogger.com,4183536221,69954 Riverside Lane
Cathleen,cbernholtom@csmonitor.com,4172611897,1 Sommers Way
Isahella,imelvinon@wordpress.org,8616587132,43 High Crossing Court
Valenka,vtomkysoo@who.int,9239938483,79391 Eastwood Court
Thomasine,tcricketop@purevolume.com,4313184108,50234 Hallows Way
Cathrin,carendsoq@netvibes.com,6487583337,33090 Continental Crossing
Rod,rherityor@phpbb.com,9026336049,45096 Esch Hill
Bettine,brodmellos@si.edu,5586276795,73 New Castle Avenue
Early,efiddlerot@hud.gov,2133892276,41329 Annamark Place
Clemmie,cdiamentou@dion.ne.jp,3723611103,369 Jana Pass
Munmro,mbarajasov@google.co.uk,3493226604,24150 Brentwood Court
Amargo,agastickeow@vistaprint.com,6462533365,65939 Maryland Court
Dniren,ddevlinox@uol.com.br,4966685334,72 Hooker Hill
Ardelia,amirfinoy@nature.com,4238720245,97737 Bluejay Point
Katrina,kguyotoz@newsvine.com,9173253451,7712 Manitowish Alley
Christiana,cbarfootp0@globo.com,9554546257,63896 Lukken Court
Adore,agillbep1@nih.gov,5569765553,6794 Vermont Center
Ulrike,unuzzip2@umich.edu,3089551742,9 Susan Park
Anson,aolagenp3@163.com,1936707572,8764 Dayton Park
Emilio,edericotp4@hp.com,6132608072,38 Lien Hill
Eugine,ecoggingsp5@noaa.gov,6837660189,6138 Lakeland Way
Sonja,sfilippozzip6@joomla.org,9964424868,7187 Knutson Point
Waylan,wshoresonp7@github.com,4652200823,5 Hintze Court
Kathryn,kpulsfordp8@businesswire.com,1679175267,745 Packers Way
Wade,whillattp9@va.gov,6202906163,04577 Morning Park
Dian,dwhitsunpa@usa.gov,6577509002,7 Marcy Junction
Sandi,ssimonettipb@opera.com,6572565099,859 Lindbergh Court
Susy,sainscoughpc@t.co,5845778116,07 Talisman Circle
Dimitry,dklassmannpd@chicagotribune.com,6802187240,489 7th Avenue
Eadmund,erolstonpe@dyndns.org,4029197349,9881 Arizona Terrace
Cassondra,ceimpf@usatoday.com,6895902619,95836 Heath Trail
Rosella,rsikorskipg@umich.edu,8667258509,8 Grasskamp Lane
Tally,thatliffph@sciencedaily.com,7151912363,9597 Sutteridge Court
Cynthie,cpoxsonpi@guardian.co.uk,2787470050,8 Lakeland Avenue
Radcliffe,rjuddpj@illinois.edu,1084464957,8887 Mitchell Junction
Wilona,wbootpk@1und1.de,9564819397,22 Northport Street
Agneta,ahapperpl@wordpress.org,9116816980,08076 Utah Trail
Brietta,bmurneypm@dyndns.org,3361046873,3 Drewry Crossing
Bat,bsaltpn@blinklist.com,5246787783,1281 Merry Way
Hadleigh,hpossekpo@geocities.com,4262138446,5426 Maywood Place
Nessi,nlowtenpp@list-manage.com,7739674691,232 Elmside Place
Pansy,pbarnsdallpq@wix.com,3073309628,6 Golden Leaf Avenue
Fina,ftiemanpr@google.com.hk,9554982873,178 4th Point
Babette,bjentonps@archive.org,9443696257,0 Oriole Center
Cosette,cyesichevpt@macromedia.com,2776627876,1849 Golf Course Plaza
Mela,mlyptrattpu@un.org,2001303813,5336 Namekagon Trail
Cassandry,cmanthroppepv@usda.gov,4163227554,84837 Lunder Trail
Gwenette,gcolmerpw@nbcnews.com,9355120981,44483 Schmedeman Pass
Amandi,apendergrastpx@blinklist.com,1476383816,183 Garrison Way
Koralle,kogbornpy@networksolutions.com,2681472627,63 Westend Lane
Orelee,ovanichkovpz@acquirethisname.com,1893387035,53 Coolidge Lane
Annice,aboalq0@answers.com,8004126573,253 Del Mar Street
Malchy,mepslyq1@purevolume.com,7336616378,242 Kings Trail
Minetta,mkenwynq2@wisc.edu,7108425916,374 Sundown Lane
Gerome,ggarrandq3@behance.net,7782956153,50 Delaware Drive
Jeramie,jjoshq4@devhub.com,1884909025,32223 Bluestem Street
Rockie,rbotterillq5@artisteer.com,4279604403,2 Moland Way
Graham,ggatissq6@phpbb.com,9377491244,58 Waxwing Plaza
Ansel,areggianiq7@angelfire.com,7661916533,73436 Glacier Hill Place
Trudey,tscatcherq8@shutterfly.com,8343555483,086 Vidon Way
Roxy,rbartolommeoq9@soup.io,8803641316,864 Rigney Place
Latrena,lcolmanqa@springer.com,9674487148,2 Transport Pass
Lavena,lchasenqb@odnoklassniki.ru,4842236981,0 Comanche Parkway
Nappie,nheimesqc@is.gd,5696503382,70 Elka Trail
Cal,cpoolyqd@g.co,8912309384,645 Tony Road
Sindee,slefebreqe@scribd.com,2705802229,3 Carioca Parkway
Kim,khalliburtonqf@wikispaces.com,5361140702,97571 Melby Trail
Bartholomeo,bdocwraqg@angelfire.com,8445944938,2464 Cody Point
Georgia,gduinkerkqh@shop-pro.jp,9949087589,6 Union Circle
Susann,siacovidesqi@feedburner.com,4403138372,7714 Lunder Point
Rudolfo,rtilsonqj@pen.io,1244812952,791 Mallory Avenue
Fons,fmalyonqk@aboutads.info,6473251681,8609 Clyde Gallagher Pass
Herschel,hsummersbyql@github.io,7422363102,7 Kenwood Trail
Serene,shulseqm@seesaa.net,3411299544,06 Basil Pass
Jeramie,jbagworthqn@apache.org,8396143970,1045 Merchant Terrace
Adda,amaddickqo@artisteer.com,5432602116,1992 Sloan Plaza
Mattheus,mbennqp@furl.net,9558752892,4138 Village Green Street
Avictor,apeertqq@surveymonkey.com,5571918830,4910 Kingsford Center
Karina,kwattinghamqr@go.com,4885129248,7784 Aberg Plaza
Britney,bzaniolettiqs@linkedin.com,1679816594,1367 Kensington Court
Henryetta,hharbinsonqt@wordpress.org,3957974384,7 Merchant Place
Shelby,srodolphequ@blogs.com,4422993829,19 Grim Road
Harlan,hroglieroqv@liveinternet.ru,4663042293,91891 Pine View Place
Justino,jlivzeyqw@google.de,2056096596,27 Gulseth Crossing
Bernadette,bsandercockqx@printfriendly.com,8891258974,9 Clove Parkway
Gilda,gsouthwellqy@gizmodo.com,1161809279,6881 Lien Drive
Corenda,cbamburyqz@usnews.com,6159201861,69315 Stephen Plaza
Marlow,mhurdisr0@arizona.edu,5585789826,9 Westridge Drive
Britt,bclimier1@noaa.gov,4132484483,09184 Kennedy Park
Mufi,mbattersonr2@examiner.com,7059805577,7 Emmet Drive
Christine,cbiasinir3@dell.com,8173758252,1713 Melby Parkway
Alard,amaryetr4@answers.com,5004774603,83179 3rd Alley
Jaimie,jfursser5@noaa.gov,8133198913,75 Trailsway Alley
Mayor,mfleoter6@cdbaby.com,1798792455,5 Luster Drive
Buffy,bbrahanr7@sitemeter.com,3789975195,7497 Graedel Point
Lovell,lkaindlr8@homestead.com,5563110053,9472 Parkside Terrace
Abbot,adaubneyr9@eepurl.com,5885625598,73274 Ronald Regan Place
Enrique,eboucherra@google.fr,3018525628,5334 Anzinger Park
Elie,emourantrb@foxnews.com,1513162528,93 Truax Junction
Star,spostenrc@china.com.cn,3556610019,75 Arkansas Way
Desi,dgyllerd@alibaba.com,2783407034,155 Heffernan Alley
Dolf,dserjeantsonre@nymag.com,8342934876,8281 Esker Drive
Madelin,mdursleyrf@bandcamp.com,2499890955,9051 Rigney Avenue
Veronique,vvinesrg@ovh.net,7309081123,79 Tomscot Drive
Muire,malbasinirh@theguardian.com,8596395489,256 Kensington Hill
Honor,hraddishri@ebay.co.uk,7409158164,3561 Forster Way
Iolande,imunnisrj@vkontakte.ru,2116431600,12659 Knutson Drive
Wynne,wclowsleyrk@ow.ly,4546286961,45 Dwight Circle
Bron,bbeccerarl@jalbum.net,4625776175,4 Lotheville Point
Bette,bfitzmauricerm@sciencedirect.com,5566192012,45 Hoffman Crossing
Dyanna,dduckitrn@businesswire.com,1428391878,314 Havey Place
Tiler,thuittro@studiopress.com,8281250741,3910 Darwin Pass
Paulette,pklarzynskirp@icq.com,5171051865,550 Hermina Trail
Deirdre,dquilkinrq@wisc.edu,5785219153,216 Grayhawk Junction
Jessamyn,jbeccerorr@vistaprint.com,9082939449,9716 Melvin Court