product_category,product_description
House,Cinnamon Rolls
Kitchen,Berry Brulee
Speed,Alize Gold Passion
Superpower,"Mushroom - Enoki, Dry"
Galactic,Tomatoes - Hot House
Phenomeno,Pumpkin - Seed
Totalitarian,Tea - Earl Grey
Pizzapasta,Wiberg Super Cure
Venezuela,Pork - Kidney
Cantonito,Tarts Assorted
Lol,Jicama
Pretrucious,Wine - Shiraz South Eastern
Pulis,Table Cloth 81x81 Colour
Banned,Cheese - Montery Jack
Not Banned,Bread - 10 Grain
Gas,Bread - Kimel Stick Poly
Granon,Mince Meat - Filling
Carniceria,Aspic - Clear
Pimienta,Veal - Liver
Cebolla,Zucchini - Green
House,"Wine - Red, Colio Cabernet"
Kitchen,Pork - Bones
Speed,Pears - Anjou
Superpower,Broom Handle
Galactic,Assetate - Baking
Phenomeno,"Olives - Green, Pitted"
Totalitarian,Wooden Mop Handle
Pizzapasta,Zucchini - Green
Venezuela,Taro Leaves
Cantonito,"Tortillas - Flour, 12"
Lol,Sauce - Demi Glace
Pretrucious,Shark - Loin
Pulis,"Shrimp, Dried, Small / Lb"
Banned,Tomatoes Tear Drop
Not Banned,Pork - European Side Bacon
Gas,Carrots - Mini Red Organic
Granon,Wiberg Super Cure
Carniceria,Wine - Sawmill Creek Autumn
Pimienta,Ham - Virginia
Cebolla,Lemons
House,Beef - Top Sirloin
Kitchen,Wine - Conde De Valdemar
Speed,Papadam
Superpower,Beer - Camerons Cream Ale
Galactic,Swordfish Loin Portions
Phenomeno,Carbonated Water - Raspberry
Totalitarian,"Iced Tea - Lemon, 460 Ml"
Pizzapasta,Wine - Vineland Estate Semi - Dry
Venezuela,Spinach - Spinach Leaf
Cantonito,Compound - Rum
Lol,"Beef - Roasted, Cooked"
Pretrucious,Compound - Rum
Pulis,Cheese - Goat
Banned,"Syrup - Golden, Lyles"
Not Banned,Cookie Chocolate Chip With
Gas,"Chicken - Leg, Fresh"
Granon,Mace Ground
Carniceria,Beans - Green
Pimienta,Pate - Peppercorn
Cebolla,Coffee - Ristretto Coffee Capsule
House,Salt - Kosher
Kitchen,Arizona - Plum Green Tea
Speed,Pastry - Carrot Muffin - Mini
Superpower,Temperature Recording Station
Galactic,Wine - Cave Springs Dry Riesling
Phenomeno,Muffin - Blueberry Individual
Totalitarian,Kaffir Lime Leaves
Pizzapasta,Gingerale - Diet - Schweppes
Venezuela,Dasheen
Cantonito,"Pasta - Fettuccine, Dry"
Lol,Seabream Whole Farmed
Pretrucious,Bread - French Stick
Pulis,Milk - Homo
Banned,"Pasta - Lasagna Noodle, Frozen"
Not Banned,Sage - Ground
Gas,"Turkey - Breast, Boneless Sk On"
Granon,"Lamb - Pieces, Diced"
Carniceria,Chocolate - White Coating
Pimienta,"Lemonade - Natural, 591 Ml"
Cebolla,Graham Cracker Mix
House,Pasta - Canelloni
Kitchen,Vinegar - Cider
Speed,Coffee Cup 16oz Foam
Superpower,"Wine - Red, Concha Y Toro"
Galactic,Salt - Sea
Phenomeno,Radish
Totalitarian,Wine - Sake
Pizzapasta,Currants
Venezuela,"Jam - Raspberry,jar"
Cantonito,Chambord Royal
Lol,Cheese - Le Cheve Noir
Pretrucious,Bagel - Everything
Pulis,Pears - Bartlett
Banned,Bread - Pumpernickel
Not Banned,Salt - Kosher
Gas,"Gingerale - Schweppes, 355 Ml"
Granon,Sauce - Fish 25 Ozf Bottle
Carniceria,Capicola - Hot
Pimienta,Bagelers
Cebolla,Wine - Sicilia Igt Nero Avola
House,Wine - Winzer Krems Gruner
Kitchen,"Artichoke - Bottom, Canned"
Speed,Beef - Cow Feet Split
Superpower,Sansho Powder
Galactic,Quail - Jumbo Boneless
Phenomeno,Bread - Wheat Baguette
Totalitarian,Bay Leaf
Pizzapasta,"Basil - Dry, Rubbed"
Venezuela,Wine - Cava Aria Estate Brut
Cantonito,Beef Cheek Fresh
Lol,"Noodles - Cellophane, Thin"
Pretrucious,"Crab - Blue, Frozen"
Pulis,Zucchini - Green
Banned,Muffin - Banana Nut Individual
Not Banned,Quiche Assorted
Gas,Chick Peas - Dried
Granon,Muffin Mix - Morning Glory
Carniceria,Allspice - Jamaican
Pimienta,Bread - 10 Grain
Cebolla,Soup - Campbells
House,Wooden Mop Handle
Kitchen,Table Cloth 90x90 White
Speed,"Shrimp - 16/20, Peeled Deviened"
Superpower,Wine - Magnotta - Belpaese
Galactic,"Quail - Whole, Bone - In"
Phenomeno,"Pork - Chop, Frenched"
Totalitarian,"Juice - Orange, Concentrate"
Pizzapasta,Sesame Seed Black
Venezuela,Scallops - U - 10
Cantonito,Ostrich - Prime Cut
Lol,Cheese - Brick With Pepper
Pretrucious,"Beef - Outside, Round"
Pulis,Salt - Table
Banned,Longos - Assorted Sandwich
Not Banned,Muffin - Bran Ind Wrpd
Gas,"Tomatoes - Plum, Canned"
Granon,Godiva White Chocolate
Carniceria,Pastry - Cheese Baked Scones
Pimienta,"Yogurt - Strawberry, 175 Gr"
Cebolla,Appetizer - Tarragon Chicken
House,"Water - Spring Water, 355 Ml"
Kitchen,Beans - French
Speed,Table Cloth 72x144 White
Superpower,Soup - Boston Clam Chowder
Galactic,Cocktail Napkin Blue
Phenomeno,Lychee
Totalitarian,"Chicken - Leg, Boneless"
Pizzapasta,Garam Masala Powder
Venezuela,Foam Espresso Cup Plain White
Cantonito,Bagel - Plain
Lol,Veal - Sweetbread
Pretrucious,Amarula Cream
Pulis,Mcguinness - Blue Curacao
Banned,"Lemonade - Island Tea, 591 Ml"
Not Banned,Quail - Jumbo Boneless
Gas,"Coconut - Shredded, Sweet"
Granon,Strongholder 4 - Cup Carrier
Carniceria,Coffee Guatemala Dark
Pimienta,Soup Campbells Beef With Veg
Cebolla,Cookie Dough - Chocolate Chip
House,Sugar - Monocystal / Rock
Kitchen,Bread - White Mini Epi
Speed,Shrimp - Black Tiger 13/15
Superpower,Mushroom - Portebello
Galactic,Cucumber - Pickling Ontario
Phenomeno,Jagermeister
Totalitarian,Sesame Seed Black
Pizzapasta,Beer - Moosehead
Venezuela,"Cookies - Oreo, 4 Pack"
Cantonito,"Liqueur Banana, Ramazzotti"
Lol,Vinegar - Sherry
Pretrucious,Compound - Pear
Pulis,Lettuce - Spring Mix
Banned,Garam Marsala
Not Banned,Juice - Orangina
Gas,Capers - Ox Eye Daisy
Granon,"Juice - V8, Tomato"
Carniceria,Pastry - Cherry Danish - Mini
Pimienta,Absolut Citron
Cebolla,"Wine - Mas Chicet Rose, Vintage"
House,"Wine - White, Mosel Gold"
Kitchen,"Wine - Red, Metus Rose"
Speed,Eel - Smoked
Superpower,Soup - French Can Pea
Galactic,Bread - Malt
Phenomeno,"Beans - Black Bean, Dry"
Totalitarian,Wine - Touraine Azay - Le - Rideau
Pizzapasta,Beef - Top Butt
Venezuela,Squid U5 - Thailand
Cantonito,Butcher Twine 4r
Lol,Goulash Seasoning
Pretrucious,Pork - Shoulder
Pulis,Carroway Seed
Banned,Tequila - Sauza Silver
Not Banned,"Beans - Black Bean, Canned"
Gas,Baby Corn
Granon,Cake - Cheese Cake 9 Inch
Carniceria,Pasta - Cheese / Spinach Bauletti
Pimienta,Cookie Dough - Oatmeal Rasin
Cebolla,Bread - Sour Sticks With Onion
House,"Juice - Pineapple, 341 Ml"
Kitchen,Puree - Guava
Speed,Wiberg Super Cure
Superpower,"Beer - Draft, Blue"
Galactic,Compound - Pear
Phenomeno,Beer - Paulaner Hefeweisse
Totalitarian,Ecolab - Medallion
Pizzapasta,Grenadine
Venezuela,Tomatoes Tear Drop
Cantonito,Pomello
Lol,Glass Clear 7 Oz Xl
Pretrucious,Sage - Fresh
Pulis,Sauce Bbq Smokey
Banned,Goat - Leg
Not Banned,Mushroom - Portebello
Gas,Wine - Zinfandel Rosenblum
Granon,Ice Cream Bar - Hagen Daz
Carniceria,Chinese Foods - Thick Noodles
Pimienta,Carroway Seed
Cebolla,"Arctic Char - Fresh, Whole"
House,Snapple Lemon Tea
Kitchen,Milk - Condensed
Speed,Oil - Pumpkinseed
Superpower,Sambuca - Opal Nera
Galactic,"Napkin - Cocktail,beige 2 - Ply"
Phenomeno,Versatainer Nc - 8288
Totalitarian,Water - Aquafina Vitamin
Pizzapasta,Garbage Bags - Clear
Venezuela,Foam Espresso Cup Plain White
Cantonito,Pastry - Baked Scones - Mini
Lol,Tahini Paste
Pretrucious,Macaroons - Two Bite Choc
Pulis,Extract - Almond
Banned,Beer - Paulaner Hefeweisse
Not Banned,Banana - Green
Gas,Pork - Caul Fat
Granon,Quiche Assorted
Carniceria,Chef Hat 20cm
Pimienta,"Soup - Beef Conomme, Dry"
Cebolla,Pork Loin Cutlets
House,Red Cod Fillets - 225g
Kitchen,Bread - Calabrese Baguette
Speed,Carbonated Water - Peach
Superpower,Wine - Rubyport
Galactic,Food Colouring - Red
Phenomeno,Table Cloth 81x81 White
Totalitarian,Soup - Campbells - Chicken Noodle
Pizzapasta,Appetizer - Lobster Phyllo Roll
Venezuela,Mix - Cappucino Cocktail
Cantonito,Tumeric
Lol,Pasta - Agnolotti - Butternut
Pretrucious,Mushrooms - Honey
Pulis,"Chicken - Leg, Boneless"
Banned,"Napkin - Beverge, White 2 - Ply"
Not Banned,Aromat Spice / Seasoning
Gas,Jam - Raspberry
Granon,Trueblue - Blueberry Cranberry
Carniceria,Taro Root
Pimienta,Bag - Clear 7 Lb
Cebolla,"Wine - Wolf Blass, Chardonnay"
House,Tuna - Yellowfin
Kitchen,"Beef - Tenderlion, Center Cut"
Speed,Bacardi Breezer - Tropical
Superpower,"Fish - Halibut, Cold Smoked"
Galactic,Dehydrated Kelp Kombo
Phenomeno,Cocoa Feuilletine
Totalitarian,Cheese - Valancey
Pizzapasta,Crawfish
Venezuela,Pate - Peppercorn
Cantonito,"Split Peas - Yellow, Dry"
Lol,"Nut - Walnut, Chopped"
Pretrucious,Dikon
Pulis,Wine - Sogrape Mateus Rose
Banned,Pastry - Carrot Muffin - Mini
Not Banned,"Pepper - Julienne, Frozen"
Gas,"Wine - White, Schroder And Schyl"
Granon,Cake - Sheet Strawberry
Carniceria,Chicken Giblets
Pimienta,Muffin Chocolate Individual Wrap
Cebolla,Icecream Bar - Del Monte
House,Raisin - Golden
Kitchen,Cup - 4oz Translucent
Speed,"Carrots - Purple, Organic"
Superpower,Crab Brie In Phyllo
Galactic,Bread - Kimel Stick Poly
Phenomeno,Mushroom - Porcini Frozen
Totalitarian,"Pasta - Penne, Rigate, Dry"
Pizzapasta,Chips - Assorted
Venezuela,Water - Spring Water 500ml
Cantonito,Sauce - Thousand Island
Lol,Wine - Sicilia Igt Nero Avola
Pretrucious,Pastry - Plain Baked Croissant
Pulis,Calypso - Pineapple Passion
Banned,"Bread - Multigrain, Loaf"
Not Banned,Sweet Pea Sprouts
Gas,Huck White Towels
Granon,Spice - Pepper Portions
Carniceria,Wine - Carmenere Casillero Del
Pimienta,"Peas - Pigeon, Dry"
Cebolla,"Pepper - Julienne, Frozen"
House,Sage - Rubbed
Kitchen,Ice Cream Bar - Oreo Cone
Speed,Pastry - Carrot Muffin - Mini
Superpower,Brandy Cherry - Mcguinness
Galactic,Cheese - Cheddar With Claret
Phenomeno,Cranberries - Fresh
Totalitarian,Mustard Prepared
Pizzapasta,Lettuce - Boston Bib
Venezuela,Couscous
Cantonito,Coffee Beans - Chocolate
Lol,Table Cloth 54x72 White
Pretrucious,Chips - Potato Jalapeno
Pulis,The Pop Shoppe - Grape
Banned,Higashimaru Usukuchi Soy
Not Banned,"Rum - Spiced, Captain Morgan"
Gas,"Rum - Dark, Bacardi, Black"
Granon,Ice Cream Bar - Hagen Daz
Carniceria,Milk - Buttermilk
Pimienta,Silicone Parch. 16.3x24.3
Cebolla,Fruit Mix - Light
House,"Syrup - Monin, Swiss Choclate"
Kitchen,Bread Base - Goodhearth
Speed,Squash - Pepper
Superpower,Wine - Magnotta - Bel Paese White
Galactic,"Sugar - Brown, Individual"
Phenomeno,Bread - 10 Grain
Totalitarian,"Quail - Whole, Bone - In"
Pizzapasta,Wine - Red Oakridge Merlot
Venezuela,Dip - Tapenade
Cantonito,Bread - Rye
Lol,"Beans - Black Bean, Canned"
Pretrucious,"Ranchero - Primerba, Paste"
Pulis,Sherbet - Raspberry
Banned,Pastry - Chocolate Chip Muffin
Not Banned,Sponge Cake Mix - Chocolate
Gas,Cheese - Goat
Granon,Beer - Sleemans Honey Brown
Carniceria,Vodka - Smirnoff
Pimienta,"Cheese - Boursin, Garlic / Herbs"
Cebolla,Cake - Mini Potato Pancake
House,"Nut - Walnut, Chopped"
Kitchen,Myers Planters Punch
Speed,Gatorade - Orange
Superpower,Versatainer Nc - 9388
Galactic,"Dill - Primerba, Paste"
Phenomeno,Lettuce - Frisee
Totalitarian,Halibut - Steaks
Pizzapasta,Crackers - Trio
Venezuela,Butter Sweet
Cantonito,Bread - Granary Small Pull
Lol,Guava
Pretrucious,Sugar - Fine
Pulis,Chinese Foods - Plain Fried Rice
Banned,Barramundi
Not Banned,Chicken - Whole
Gas,Dill Weed - Fresh
Granon,Muffin Mix - Morning Glory
Carniceria,Cheese Cheddar Processed
Pimienta,Garlic Powder
Cebolla,"Vodka - Currant, Absolute"
House,Appetizer - Mango Chevre
Kitchen,Bacardi Breezer - Tropical
Speed,Pastry - Carrot Muffin - Mini
Superpower,Mini - Vol Au Vents
Galactic,Scallops 60/80 Iqf
Phenomeno,Nut - Pumpkin Seeds
Totalitarian,Filling - Mince Meat
Pizzapasta,"Soup - Campbells, Creamy"
Venezuela,"Mushroom - Trumpet, Dry"
Cantonito,Bacon Strip Precooked
Lol,"Tart Shells - Barquettes, Savory"
Pretrucious,Coffee - Egg Nog Capuccino
Pulis,Turkey - Ground. Lean
Banned,Oil - Cooking Spray
Not Banned,V8 - Vegetable Cocktail
Gas,Fork - Plastic
Granon,Sterno - Chafing Dish Fuel
Carniceria,Soup - Campbells Mushroom
Pimienta,Worcestershire Sauce
Cebolla,Soup - Campbells
House,Vector Energy Bar
Kitchen,Containter - 3oz Microwave Rect.
Speed,"Mop Head - Cotton, 24 Oz"
Superpower,"Pasta - Lasagne, Fresh"
Galactic,"Pasta - Shells, Medium, Dry"
Phenomeno,Oats Large Flake
Totalitarian,"Chicken - Leg, Boneless"
Pizzapasta,Chinese Foods - Chicken Wing
Venezuela,Sterno - Chafing Dish Fuel
Cantonito,Gelatine Powder
Lol,Cheese - Bakers Cream Cheese
Pretrucious,Yukon Jack
Pulis,The Pop Shoppe - Root Beer
Banned,Wine - Delicato Merlot
Not Banned,Beef - Shank
Gas,Ham - Cooked
Granon,"Iced Tea - Lemon, 460 Ml"
Carniceria,Lamb Shoulder Boneless Nz
Pimienta,Lettuce - Green Leaf
Cebolla,Wine - Tio Pepe Sherry Fino
House,"Stock - Beef, Brown"
Kitchen,Compound - Raspberry
Speed,"Glass - Wine, Plastic, Clear 5 Oz"
Superpower,Pheasants - Whole
Galactic,Lemon Pepper
Phenomeno,Cod - Fillets
Totalitarian,The Pop Shoppe - Root Beer
Pizzapasta,Fudge - Cream Fudge
Venezuela,Foil Wrap
Cantonito,Poppy Seed
Lol,"Kohlrabi - Giant, Organic"
Pretrucious,Veal - Bones
Pulis,Bread - 10 Grain Parisian
Banned,Food Colouring - Pink
Not Banned,"Fish - Halibut, Cold Smoked"
Gas,Berry Brulee
Granon,Mcguinness - Blue Curacao
Carniceria,"Sauce - Black Current, Dry Mix"
Pimienta,Wine - Jackson Triggs Okonagan
Cebolla,Wine - Guy Sage Touraine
House,Cheese - Marble
Kitchen,Coffee - Dark Roast
Speed,"Wine - Red, Marechal Foch"
Superpower,Oregano - Fresh
Galactic,Nut - Pumpkin Seeds
Phenomeno,White Baguette
Totalitarian,Truffle Paste
Pizzapasta,V8 - Tropical Blend
Venezuela,Beef - Striploin Aa
Cantonito,Puree - Passion Fruit
Lol,Juice - Lime
Pretrucious,Mushroom - Morel Frozen
Pulis,Fennel
Banned,Cheese - Ricotta
Not Banned,Contreau
Gas,Food Colouring - Pink
Granon,Bread - Ciabatta Buns
Carniceria,Beef - Diced
Pimienta,"Yogurt - Blueberry, 175 Gr"
Cebolla,"Cookies - Oreo, 4 Pack"
House,Anisette - Mcguiness
Kitchen,Nescafe - Frothy French Vanilla
Speed,Pea - Snow
Superpower,Waffle Stix
Galactic,"Crab - Claws, Snow 16 - 24"
Phenomeno,Plastic Wrap
Totalitarian,Quail - Jumbo
Pizzapasta,Nut - Pumpkin Seeds
Venezuela,Mix - Cocktail Ice Cream
Cantonito,Veal - Kidney
Lol,Sambuca - Ramazzotti
Pretrucious,Foam Tray S2
Pulis,Ostrich - Fan Fillet
Banned,Soup - Base Broth Chix
Not Banned,Fondant - Icing
Gas,Ham - Procutinni
Granon,"Cake Circle, Paprus"
Carniceria,Kumquat
Pimienta,Pork - Caul Fat
Cebolla,Beans - Fine
House,Miso - Soy Bean Paste
Kitchen,Bagel - Plain
Speed,"Pork - Tenderloin, Fresh"
Superpower,Tea - Herbal I Love Lemon
Galactic,Wine - Riesling Alsace Ac 2001
Phenomeno,Bread Crumbs - Japanese Style
Totalitarian,Sage Ground Wiberg
Pizzapasta,"Pepper - White, Ground"
Venezuela,Salmon - Fillets
Cantonito,Food Colouring - Blue
Lol,The Pop Shoppe - Root Beer
Pretrucious,Soup - Campbellschix Stew
Pulis,Beer - Camerons Auburn
Banned,Ezy Change Mophandle
Not Banned,Container - Hngd Cll Blk 7x7x3
Gas,Rappini - Andy Boy
Granon,Crush - Cream Soda
Carniceria,"Beef - Tenderlion, Center Cut"
Pimienta,Chutney Sauce
Cebolla,"Water - Spring Water, 355 Ml"
House,Vinegar - Raspberry
Kitchen,Puree - Blackcurrant
Speed,Laundry - Bag Cloth
Superpower,"Beef - Baby, Liver"
Galactic,Salt - Celery
Phenomeno,Longos - Grilled Chicken With
Totalitarian,Sugar - Fine
Pizzapasta,Tea - Mint
Venezuela,Tobasco Sauce
Cantonito,Pastry - Chocolate Chip Muffin
Lol,Eggplant - Baby
Pretrucious,Table Cloth 54x54 Colour
Pulis,Cake Slab
Banned,Food Colouring - Blue
Not Banned,"Beef - Bones, Marrow"
Gas,Creme De Menthe Green
Granon,Flax Seed
Carniceria,Devonshire Cream
Pimienta,Bagelers - Cinn / Brown Sugar
Cebolla,Sprouts - Baby Pea Tendrils
House,Honey - Liquid
Kitchen,Onion - Dried
Speed,Cookies - Fortune
Superpower,"Oil - Truffle, Black"
Galactic,Ecolab - Mag Fusion
Phenomeno,Ice Cream - Life Savers
Totalitarian,Beans - Green
Pizzapasta,Apple - Custard
Venezuela,Beef - Salted
Cantonito,Kellogs Special K Cereal
Lol,Kale - Red
Pretrucious,"Pasta - Bauletti, Chicken White"
Pulis,"Pasta - Fettuccine, Egg, Fresh"
Banned,Baking Soda
Not Banned,"Chicken - Thigh, Bone In"
Gas,Phyllo Dough
Granon,Vaccum Bag - 14x20
Carniceria,Thermometer Digital
Pimienta,Fuji Apples
Cebolla,Huck White Towels
House,General Purpose Trigger
Kitchen,Curry Paste - Green Masala
Speed,Sauce - Fish 25 Ozf Bottle
Superpower,"Bar Mix - Pina Colada, 355 Ml"
Galactic,Parsley Italian - Fresh
Phenomeno,Sponge Cake Mix - Chocolate
Totalitarian,Tomato Puree
Pizzapasta,Filo Dough
Venezuela,"Pasta - Cappellini, Dry"
Cantonito,Spring Roll Wrappers
Lol,Oneshot Automatic Soap System
Pretrucious,Mushroom - Crimini
Pulis,Longos - Chicken Cordon Bleu
Banned,Maple Syrup
Not Banned,Calypso - Lemonade
Gas,Muffin Batt - Choc Chk
Granon,"Brandy - Orange, Mc Guiness"
Carniceria,Duck - Whole
Pimienta,Turnip - Wax
Cebolla,Laundry - Bag Cloth
House,Celery
Kitchen,Rum - Mount Gay Eclipes
Speed,Coffee - Espresso
Superpower,"Beans - Black Bean, Dry"
Galactic,"Sugar - Sweet N Low, Individual"
Phenomeno,Tuna - Loin
Totalitarian,Sugar - Splenda Sweetener
Pizzapasta,Plastic Arrow Stir Stick
Venezuela,"Chicken - Leg, Boneless"
Cantonito,Seaweed Green Sheets
Lol,Wine - Riesling Alsace Ac 2001
Pretrucious,Tea - Decaf 1 Cup
Pulis,Beef - Prime Rib Aaa
Banned,Lobster - Base
Not Banned,"Mushroom - Chanterelle, Dry"
Gas,Dried Peach
Granon,"Tequila - Gold, Jose Cuevro"
Carniceria,Crab Brie In Phyllo
Pimienta,Pear - Packum
Cebolla,Spinach - Spinach Leaf
House,Bread - Ciabatta Buns
Kitchen,Wine - Magnotta - Belpaese
Speed,Yoplait Drink
Superpower,Lambcasing
Galactic,Beef - Flank Steak
Phenomeno,Pastry - Raisin Muffin - Mini
Totalitarian,Gatorade - Cool Blue Raspberry
Pizzapasta,Gatorade - Fruit Punch
Venezuela,"Pork - Bacon, Double Smoked"
Cantonito,"Shrimp, Dried, Small / Lb"
Lol,Lettuce - Sea / Sea Asparagus
Pretrucious,Cleaner - Bleach
Pulis,"Beef - Cooked, Corned"
Banned,"Salsify, Organic"
Not Banned,Mangoes
Gas,Flavouring - Orange
Granon,Chocolate Eclairs
Carniceria,Poppy Seed
Pimienta,Ginger - Ground
Cebolla,Lotus Root
House,"Lemonade - Mandarin, 591 Ml"
Kitchen,Wine - Guy Sage Touraine
Speed,Tilapia - Fillets
Superpower,"Vinegar - Balsamic, White"
Galactic,"Beef - Bones, Cut - Up"
Phenomeno,Island Oasis - Magarita Mix
Totalitarian,Beef - Prime Rib Aaa
Pizzapasta,Beans - Soya Bean
Venezuela,Apples - Sliced / Wedge
Cantonito,Lid - 3oz Med Rec
Lol,Calypso - Pineapple Passion
Pretrucious,Towels - Paper / Kraft
Pulis,Sobe - Lizard Fuel
Banned,Extract - Almond
Not Banned,Trout - Smoked
Gas,Plastic Arrow Stir Stick
Granon,Muffin Orange Individual
Carniceria,Snapple - Iced Tea Peach
Pimienta,Energy Drink - Franks Pineapple
Cebolla,Bay Leaf Ground
House,"Fish - Scallops, Cold Smoked"
Kitchen,Salt - Seasoned
Speed,Lotus Root
Superpower,"Wine - White, Pelee Island"
Galactic,Lettuce Romaine Chopped
Phenomeno,Onion - Dried
Totalitarian,Sauce - Alfredo
Pizzapasta,Pepsi - 600ml
Venezuela,Cheese - Comtomme
Cantonito,Rosemary - Dry
Lol,Foil - Round Foil
Pretrucious,"Bread - Crumbs, Bulk"
Pulis,Absolut Citron
Banned,"Wine - White, Mosel Gold"
Not Banned,Magnotta - Bel Paese White
Gas,Energy Drink Red Bull
Granon,Graham Cracker Mix
Carniceria,Lamb - Sausage Casings
Pimienta,Wine - Riesling Dr. Pauly
Cebolla,Langers - Ruby Red Grapfruit
House,Apples - Sliced / Wedge
Kitchen,Wine - Ej Gallo Sierra Valley
Speed,"Tomatoes - Cherry, Yellow"
Superpower,Wine - Zinfandel Rosenblum
Galactic,Absolut Citron
Phenomeno,Wine - Lamancha Do Crianza
Totalitarian,Pea - Snow
Pizzapasta,Bagels Poppyseed
Venezuela,"Pasta - Rotini, Colour, Dry"
Cantonito,Amaretto
Lol,Eggs - Extra Large
Pretrucious,Neckerchief Blck
Pulis,Island Oasis - Strawberry
Banned,Plate Pie Foil
Not Banned,Appetizer - Mushroom Tart
Gas,Sobe - Liz Blizz
Granon,Bread - Italian Roll With Herbs
Carniceria,Sauce - Hollandaise
Pimienta,Pastry - Baked Scones - Mini
Cebolla,Lamb Rack - Ontario
House,Mace
Kitchen,Vanilla Beans
Speed,Table Cloth 91x91 White
Superpower,"Veal - Brisket, Provimi,bnls"
Galactic,Tart - Lemon
Phenomeno,"Turkey - Breast, Smoked"
Totalitarian,Chef Hat 25cm
Pizzapasta,"Tabasco Sauce, 2 Oz"
Venezuela,Jack Daniels
Cantonito,Sauce - Oyster
Lol,Tamarillo
Pretrucious,Puree - Pear
Pulis,"Cup - 3.5oz, Foam"
Banned,Goat - Whole Cut
Not Banned,"Yogurt - Banana, 175 Gr"
Gas,Tea - Apple Green Tea
Granon,Longos - Assorted Sandwich
Carniceria,Kiwano
Pimienta,Tea Leaves - Oolong
Cebolla,Cheese - Provolone
House,Clams - Canned
Kitchen,"Flour - Corn, Fine"
Speed,Oil - Canola
Superpower,Scallops - In Shell
Galactic,"Nut - Hazelnut, Ground, Natural"
Phenomeno,Bread - Raisin
Totalitarian,Beans - Yellow
Pizzapasta,Buffalo - Short Rib Fresh
Venezuela,Sugar - Monocystal / Rock
Cantonito,Cake - Lemon Chiffon
Lol,Bagel - Everything Presliced
Pretrucious,Potatoes - Peeled
Pulis,Apple - Custard
Banned,"Wine - Magnotta, Merlot Sr Vqa"
Not Banned,"Salsify, Organic"
Gas,Juice - Mango
Granon,Spic And Span All Purpose
Carniceria,Bouq All Italian - Primerba
Pimienta,Pork - Smoked Back Bacon
Cebolla,Wine - Spumante Bambino White
House,Ice Cream - Strawberry
Kitchen,"Wine - White, Lindemans Bin 95"
Speed,Huck White Towels
Superpower,Table Cloth 81x81 Colour
Galactic,"Lentils - Red, Dry"
Phenomeno,Beer - Camerons Cream Ale
Totalitarian,Macaroons - Two Bite Choc
Pizzapasta,"Nut - Walnut, Pieces"
Venezuela,"Wine - White, Chardonnay"
Cantonito,"Vodka - Hot, Lnferno"
Lol,Wine - Chablis J Moreau Et Fils
Pretrucious,Everfresh Products
Pulis,"Zucchini - Mini, Green"
Banned,Sour Puss Sour Apple
Not Banned,Jameson - Irish Whiskey
Gas,"Garlic - Primerba, Paste"
Granon,"Beef - Outside, Round"
Carniceria,"7up Diet, 355 Ml"
Pimienta,Chivas Regal - 12 Year Old
Cebolla,"Nut - Walnut, Pieces"
House,"Cheese - Brie, Cups 125g"
Kitchen,"Stock - Chicken, White"
Speed,Piping - Bags Quizna
Superpower,"Pasta - Fett Alfredo, Single Serve"
Galactic,Vinegar - Sherry
Phenomeno,Onions - Cooking
Totalitarian,Mushroom - Chanterelle Frozen
Pizzapasta,"Ice - Clear, 300 Lb For Carving"
Venezuela,Wine - Barbera Alba Doc 2001
Cantonito,Halibut - Fletches
Lol,Pork - Ground
Pretrucious,Wonton Wrappers
Pulis,Scampi Tail
Banned,Soup - Campbells Chili Veg
Not Banned,Soap - Mr.clean Floor Soap
Gas,Chicken - White Meat With Tender
Granon,"Artichoke - Hearts, Canned"
Carniceria,"Pepper - Chipotle, Canned"
Pimienta,"Lemonade - Strawberry, 591 Ml"
Cebolla,Cake Sheet Combo Party Pack
House,"Sprite, Diet - 355ml"
Kitchen,Foie Gras
Speed,"Shrimp, Dried, Small / Lb"
Superpower,Potatoes - Idaho 80 Count
Galactic,Dried Figs
Phenomeno,Broom - Push
Totalitarian,Wine - Two Oceans Cabernet
Pizzapasta,Bread - Ciabatta Buns
Venezuela,Guinea Fowl
Cantonito,Corn Meal
Lol,"Mustard - Dry, Powder"
Pretrucious,Versatainer Nc - 888
Pulis,Apricots - Halves
Banned,Bread - Frozen Basket Variety
Not Banned,Sauce - Roasted Red Pepper
Gas,Vinegar - Cider
Granon,Cup - 8oz Coffee Perforated
Carniceria,"Chilli Paste, Ginger Garlic"
Pimienta,Cabbage - Savoy
Cebolla,"Tray - Foam, Square 4 - S"
House,Liquid Aminios Acid - Braggs
Kitchen,Spice - Paprika
Speed,"Lentils - Red, Dry"
Superpower,Fish - Bones
Galactic,Beef - Diced
Phenomeno,Pastrami
Totalitarian,"Schnappes - Peach, Walkers"
Pizzapasta,Aspic - Clear
Venezuela,Slt - Individual Portions
Cantonito,Cookie Dough - Chocolate Chip
Lol,Sesame Seed Black
Pretrucious,"Pepper - Red, Finger Hot"
Pulis,Rice - Long Grain
Banned,Lamb Rack - Ontario
Not Banned,Seabream Whole Farmed
Gas,Beer - Steamwhistle
Granon,Ecolab - Hand Soap Form Antibac
Carniceria,Beans - Fava Fresh
Pimienta,Sage - Rubbed
Cebolla,Breadfruit
House,Tea - Lemon Green Tea
Kitchen,"Trout - Hot Smkd, Dbl Fillet"
Speed,Beef - Texas Style Burger
Superpower,Cheese - Cottage Cheese
Galactic,Wine - Maipo Valle Cabernet
Phenomeno,Pop Shoppe Cream Soda
Totalitarian,Quail - Jumbo
Pizzapasta,Pail With Metal Handle 16l White
Venezuela,Monkfish Fresh - Skin Off
Cantonito,"Pasta - Orzo, Dry"
Lol,Truffle - Peelings
Pretrucious,Lemons
Pulis,Sprouts - Pea
Banned,"Pail - 15l White, With Handle"
Not Banned,Bulgar
Gas,Salmon Steak - Cohoe 6 Oz
Granon,Island Oasis - Wildberry
Carniceria,Pie Pecan
Pimienta,Shark - Loin
Cebolla,Glucose
House,Bread - Pita
Kitchen,Venison - Liver
Speed,Lettuce - Red Oak Leaf
Superpower,Towel - Roll White
Galactic,Uniform Linen Charge
Phenomeno,Tea - Lemon Green Tea
Totalitarian,"Beef - Baby, Liver"
Pizzapasta,Table Cloth - 53x69 Colour
Venezuela,Sesame Seed Black
Cantonito,Cookies - Fortune
Lol,Wine - Cousino Macul Antiguas
Pretrucious,"Beef - Outside, Round"
Pulis,Wine - Chardonnay Mondavi
Banned,Kellogs Special K Cereal
Not Banned,"Soup - Campbells, Chix Gumbo"
Gas,Campari
Granon,Beer - Sleemans Cream Ale
Carniceria,Spring Roll Veg Mini
Pimienta,Cumin - Whole
Cebolla,"Juice - V8, Tomato"
House,Cheese - Gouda Smoked
Kitchen,Calypso - Black Cherry Lemonade
Speed,Wine - Taylors Reserve
Superpower,Absolut Citron
Galactic,Cafe Royale
Phenomeno,"Yeast - Fresh, Fleischman"
Totalitarian,Squeeze Bottle
Pizzapasta,Gelatine Leaves - Bulk
Venezuela,Pants Custom Dry Clean
Cantonito,Squash - Guords
Lol,"Olives - Green, Pitted"
Pretrucious,Appetizer - Lobster Phyllo Roll
Pulis,Pepper - Red Thai
Banned,Apricots - Halves
Not Banned,"Tomatoes - Vine Ripe, Yellow"
Gas,Pork - Ham Hocks - Smoked
Granon,Spring Roll Wrappers
Carniceria,Coffee - Dark Roast
Pimienta,Milk - Buttermilk
Cebolla,Appetizer - Mango Chevre
House,Cleaner - Pine Sol
Kitchen,Sandwich Wrap
Speed,Aspic - Amber
Superpower,Cod - Fillets
Galactic,Melon - Watermelon Yellow
Phenomeno,Energy Drink
Totalitarian,French Pastry - Mini Chocolate
Pizzapasta,Foil Cont Round
Venezuela,Yoplait - Strawbrasp Peac
Cantonito,Sauce - Fish 25 Ozf Bottle
Lol,Veal - Osso Bucco
Pretrucious,Beer - Sleeman Fine Porter
Pulis,Cucumber - English
Banned,"Mushroom - Shitake, Fresh"
Not Banned,Rosemary - Fresh
Gas,"Salmon - Atlantic, Skin On"
Granon,Rice - Jasmine Sented
Carniceria,Ice Cream Bar - Rolo Cone
Pimienta,Calypso - Strawberry Lemonade
Cebolla,"Fish - Atlantic Salmon, Cold"
House,Sobe - Berry Energy
Kitchen,Table Cloth 62x120 Colour
Speed,"Wine - Red, Wolf Blass, Yellow"
Superpower,Wheat - Soft Kernal Of Wheat
Galactic,Chicken - Ground
Phenomeno,"Extract - Vanilla,artificial"
Totalitarian,"Juice - V8, Tomato"
Pizzapasta,"Sauce - White, Mix"
Venezuela,Lamb - Shoulder
Cantonito,Sponge Cake Mix - Vanilla
Lol,"Crush - Grape, 355 Ml"
Pretrucious,"Lemonade - Mandarin, 591 Ml"
Pulis,"Liners - Banana, Paper"
Banned,Buffalo - Striploin
Not Banned,Wiberg Super Cure
Gas,Apricots - Halves
Granon,Capicola - Hot
Carniceria,Chips - Potato Jalapeno
Pimienta,Crackers Cheez It
Cebolla,Rice - Aborio
House,Sun - Dried Tomatoes
Kitchen,Juice - Ocean Spray Kiwi
Speed,"Beans - Kidney, Canned"
Superpower,Table Cloth 120 Round White
Galactic,Mousse - Banana Chocolate
Phenomeno,Cookie Choc
Totalitarian,Bagels Poppyseed
Pizzapasta,Cheese - Goat With Herbs
Venezuela,Cocoa Powder - Natural
Cantonito,Wine - Domaine Boyar Royal
Lol,Sauce - Thousand Island
Pretrucious,Extract - Raspberry
Pulis,Vaccum Bag - 14x20
Banned,Halibut - Fletches
Not Banned,Creme De Banane - Marie
Gas,Coffee - French Vanilla Frothy
Granon,Broom - Push
Carniceria,Towel Multifold
Pimienta,Pie Box - Cello Window 2.5
Cebolla,Wine - Zinfandel California 2002
House,Tea - Herbal I Love Lemon
Kitchen,Ice Cream Bar - Drumstick
Speed,Beans - Wax
Superpower,Ham - Black Forest
Galactic,"Pepper - Black, Crushed"
Phenomeno,Soup - French Onion
Totalitarian,Veal - Inside
Pizzapasta,Cabbage - Savoy
Venezuela,Carbonated Water - Blackcherry
Cantonito,"Melon - Watermelon, Seedless"
Lol,Hagen Daza - Dk Choocolate
Pretrucious,Peach - Halves
Pulis,Cake - Chocolate Raspberry 9
Banned,Bread - Raisin
Not Banned,Wine - Periguita Fonseca
Gas,Lamb Leg - Bone - In Nz
Granon,Fiddlehead - Frozen
Carniceria,Wine - Alicanca Vinho Verde
Pimienta,Milk - Chocolate 500ml
Cebolla,True - Vue Containers
House,Potatoes - Mini White 3 Oz
Kitchen,Smoked Paprika
Speed,Flour - Fast / Rapid
Superpower,Pepper - Green Thai
Galactic,Salad Dressing
Phenomeno,Oil - Sunflower
Totalitarian,Filo Dough
Pizzapasta,Bacardi Breezer - Strawberry
Venezuela,"Olives - Green, Pitted"
Cantonito,"Stock - Chicken, White"
Lol,"Pork - Back, Long Cut, Boneless"
Pretrucious,Ice Cream Bar - Oreo Sandwich
Pulis,Salmon - Canned
Banned,Bread Base - Toscano
Not Banned,"Soup - Knorr, Chicken Gumbo"
Gas,Bar - Granola Trail Mix Fruit Nut
Granon,Cheese - Bocconcini
Carniceria,Chocolate Eclairs
Pimienta,"Pasta - Fettuccine, Dry"
Cebolla,"Lamb - Leg, Bone In"
House,Sauce - Hollandaise
Kitchen,"Ham - Smoked, Bone - In"
Speed,Chips Potato Reg 43g
Superpower,Wine - Riesling Dr. Pauly
Galactic,V8 - Vegetable Cocktail
Phenomeno,Fondant - Icing
Totalitarian,Container - Clear 16 Oz
Pizzapasta,Savory
Venezuela,Tea - Honey Green Tea
Cantonito,Ice Cream Bar - Oreo Cone
Lol,Ham - Cooked Bayonne Tinned
Pretrucious,Kiwi
Pulis,Chocolate - Milk
Banned,Basil - Thai
Not Banned,Flower - Daisies
Gas,Walkers Special Old Whiskey
Granon,Quinoa
Carniceria,Juice - Lemon
Pimienta,Rootbeer
Cebolla,"Soup - Beef, Base Mix"
House,Wine - Champagne Brut Veuve
Kitchen,"Juice - Clam, 46 Oz"
Speed,Pizza Pizza Dough
Superpower,"Pasta - Fettuccine, Egg, Fresh"
Galactic,Bread - Pumpernickel
Phenomeno,Rice - Jasmine Sented
Totalitarian,Jagermeister
Pizzapasta,Chips - Assorted
Venezuela,Salami - Genova
Cantonito,Rum - Mount Gay Eclipes
Lol,"Wine - Saint - Bris 2002, Sauv"
Pretrucious,"Lamb - Shoulder, Boneless"
Pulis,"Tortillas - Flour, 12"
Banned,"Pasta - Rotini, Dry"
Not Banned,"Beef - Bones, Marrow"
Gas,Water - Evian 355 Ml
Granon,Chocolate Bar - Reese Pieces
Carniceria,Tea - Decaf 1 Cup
Pimienta,"Wine - Cahors Ac 2000, Clos"
Cebolla,"Bread - Roll, Calabrese"
House,"Wine - Mas Chicet Rose, Vintage"
Kitchen,"Appetizer - Mini Egg Roll, Shrimp"
Speed,Sprouts - Corn
Superpower,Pomegranates
Galactic,Coffee Beans - Chocolate
Phenomeno,"Cheese - Romano, Grated"
Totalitarian,Lettuce - Romaine
Pizzapasta,Wine - Chenin Blanc K.w.v.
Venezuela,Guava
Cantonito,Apples - Spartan
Lol,Pork - Side Ribs
Pretrucious,Parsley - Dried
Pulis,"Wine - White, Cooking"
Banned,Salmon - Fillets
Not Banned,Miso - Soy Bean Paste
Gas,Wine - Piper Heidsieck Brut
Granon,Hog / Sausage Casing - Pork
Carniceria,Spic And Span All Purpose
Pimienta,"Turkey - Breast, Double"
Cebolla,Energy Drink Red Bull
House,Arizona - Green Tea
Kitchen,Tomatoes - Yellow Hot House
Speed,Sauce - Oyster
Superpower,Bread Ww Cluster
Galactic,Beef - Prime Rib Aaa
Phenomeno,Sugar - Cubes
Totalitarian,Piping - Bags Quizna
Pizzapasta,Potatoes - Yukon Gold 5 Oz
Venezuela,The Pop Shoppe - Lime Rickey
Cantonito,Horseradish Root
Lol,Cookie - Oreo 100x2
Pretrucious,Veal - Liver
Pulis,Bar - Sweet And Salty Chocolate
Banned,"Kohlrabi - Giant, Organic"
Not Banned,Bread - Corn Bread
Gas,Lid Coffee Cup 8oz Blk
Granon,Cheese - Mozzarella
Carniceria,Onions - Red
Pimienta,Isomalt
Cebolla,Seabream Whole Farmed