Store_type,Store_address
Associate warehouse,7 Alpine Plaza
Associate warehouse,04 Wayridge Drive
Associate warehouse,6965 Shasta Place
Associate warehouse,302 Iowa Street
Associate warehouse,43 Bay Center
Associate warehouse,426 Dottie Avenue
Associate warehouse,739 Dovetail Trail
Associate warehouse,25870 Porter Pass
Associate warehouse,91492 Birchwood Avenue
Associate warehouse,1808 Comanche Road
Associate warehouse,13 Merrick Circle
Associate warehouse,78 Tony Way
Associate warehouse,6 Corben Point
Associate warehouse,65928 Columbus Way
Associate warehouse,286 Meadow Valley Terrace
Associate warehouse,4 Farragut Plaza
Associate warehouse,2 Declaration Parkway
Associate warehouse,93279 Bunker Hill Parkway
Associate warehouse,33269 American Place
Associate warehouse,3086 Arrowood Plaza
Associate warehouse,33 Northridge Street
Associate warehouse,4759 Delaware Park
Associate warehouse,0 Declaration Lane
Associate warehouse,0612 Clarendon Junction
Associate warehouse,5 Tennyson Street
Associate warehouse,0760 Merchant Park
Associate warehouse,0 Lighthouse Bay Center
Associate warehouse,911 Paget Road
Associate warehouse,7 Dwight Terrace
Associate warehouse,38338 6th Hill
Associate warehouse,21 Hanson Park
Associate warehouse,29617 Novick Parkway
Associate warehouse,87557 Forest Dale Crossing
Associate warehouse,563 Mariners Cove Way
Associate warehouse,8780 Toban Drive
Associate warehouse,5144 Twin Pines Plaza
Associate warehouse,58636 Meadow Vale Road
Associate warehouse,0 Bashford Point
Associate warehouse,41 Saint Paul Parkway
Associate warehouse,14057 Fieldstone Road
Associate warehouse,409 Sugar Alley
Associate warehouse,3 Linden Pass
Associate warehouse,92 Harper Point
Associate warehouse,98624 Fieldstone Hill
Associate warehouse,3891 Eagle Crest Court
Associate warehouse,9275 Northridge Avenue
Associate warehouse,16 Welch Pass
Associate warehouse,38 Veith Point
Associate warehouse,407 Cody Pass
Associate warehouse,243 Trailsway Hill
Associate warehouse,8215 4th Road
Associate warehouse,373 Oneill Pass
Associate warehouse,14313 Badeau Hill
Associate warehouse,7 Corben Drive
Associate warehouse,81013 Fairview Parkway
Associate warehouse,25114 Elmside Crossing
Associate warehouse,209 Chive Crossing
Associate warehouse,451 Melrose Avenue
Associate warehouse,98631 Old Shore Plaza
Associate warehouse,172 Petterle Park
Associate warehouse,3611 Sutteridge Avenue
Associate warehouse,96897 Sunfield Alley
Associate warehouse,3 West Avenue
Associate warehouse,27 Montana Lane
Associate warehouse,23 Burrows Street
Associate warehouse,1 Fremont Park
Associate warehouse,9 Bluestem Terrace
Associate warehouse,4 Monterey Plaza
Associate warehouse,9 Crowley Drive
Associate warehouse,33250 Arkansas Plaza
Associate warehouse,7 Sutherland Terrace
Associate warehouse,587 South Crossing
Associate warehouse,8106 5th Point
Associate warehouse,332 Transport Street
Associate warehouse,07797 Rutledge Pass
Associate warehouse,640 Dovetail Point
Associate warehouse,30319 Dovetail Road
Associate warehouse,45 Brentwood Court
Associate warehouse,80723 Lotheville Plaza
Associate warehouse,3 Delaware Pass
Associate warehouse,72613 Hooker Lane
Associate warehouse,0765 Northwestern Terrace
Associate warehouse,5 Manufacturers Avenue
Associate warehouse,8 Johnson Lane
Associate warehouse,442 Montana Parkway
Associate warehouse,635 Elgar Alley
Associate warehouse,36 Declaration Trail
Associate warehouse,12504 Fisk Lane
Associate warehouse,3280 Maryland Avenue
Associate warehouse,38 Homewood Place
Associate warehouse,94 Golf Street
Associate warehouse,77487 Waubesa Trail
Associate warehouse,38718 Pennsylvania Circle
Associate warehouse,35 Hanson Park
Associate warehouse,29 Hanson Junction
Associate warehouse,944 Corscot Hill
Associate warehouse,8 Oriole Junction
Associate warehouse,30526 Sommers Way
Associate warehouse,121 Sycamore Road
Associate warehouse,164 American Parkway
Associate warehouse,68610 South Trail
Associate warehouse,70 Division Drive
Associate warehouse,3877 Tennessee Point
Associate warehouse,21479 Village Center
Associate warehouse,65 Hoffman Park
Associate warehouse,1310 Vera Street
Associate warehouse,73 Eagan Place
Associate warehouse,6039 Mandrake Trail
Associate warehouse,2 Bowman Pass
Associate warehouse,18860 Luster Center
Associate warehouse,9 Banding Pass
Associate warehouse,8 Loomis Junction
Associate warehouse,113 Nevada Place
Associate warehouse,8539 Carberry Point
Associate warehouse,8 Chive Place
Associate warehouse,15694 Lindbergh Trail
Associate warehouse,4 Tony Avenue
Associate warehouse,8473 Ridge Oak Drive
Associate warehouse,616 Golden Leaf Pass
Associate warehouse,99 Larry Circle
Associate warehouse,76869 Rutledge Center
Associate warehouse,05083 Utah Hill
Associate warehouse,56225 Acker Drive
Associate warehouse,0 Marquette Point
Associate warehouse,79 Melrose Road
Associate warehouse,5944 Carberry Crossing
Associate warehouse,0 Superior Pass
Associate warehouse,86484 Monument Way
Associate warehouse,87019 Scofield Crossing
Associate warehouse,2509 Clemons Place
Associate warehouse,6 Memorial Road
Associate warehouse,65 Kropf Parkway
Associate warehouse,830 Randy Lane
Associate warehouse,2490 Thompson Drive
Associate warehouse,3 Onsgard Park
Associate warehouse,6808 Vernon Place
Associate warehouse,62 Southridge Lane
Associate warehouse,7575 Bunker Hill Parkway
Associate warehouse,7889 Bonner Drive
Associate warehouse,0 Spohn Road
Associate warehouse,36 Sugar Trail
Associate warehouse,03 Kinsman Drive
Associate warehouse,76 Dennis Alley
Associate warehouse,648 Gale Street
Associate warehouse,3 Waubesa Road
Associate warehouse,53 Anzinger Crossing
Associate warehouse,12 Rockefeller Lane
Associate warehouse,118 Cordelia Avenue
Associate warehouse,513 Mesta Center
Associate warehouse,6 Express Road
Associate warehouse,60257 Burning Wood Parkway
Associate warehouse,4830 Melvin Avenue
Associate warehouse,1 Towne Place
Associate warehouse,0282 Di Loreto Circle
Associate warehouse,86 Linden Junction
Associate warehouse,700 Summerview Center
Associate warehouse,83301 Butterfield Avenue
Associate warehouse,5 Pine View Junction
Associate warehouse,75133 Maple Wood Center
Associate warehouse,1 Judy Drive
Associate warehouse,8853 Del Mar Parkway
Associate warehouse,42641 Esker Way
Associate warehouse,14 Basil Way
Associate warehouse,17214 Sunnyside Hill
Associate warehouse,59065 Sage Crossing
Associate warehouse,3507 Lillian Alley
Associate warehouse,145 Morningstar Circle
Associate warehouse,8295 Northport Crossing
Associate warehouse,4 Parkside Road
Associate warehouse,6676 Saint Paul Point
Associate warehouse,77047 Hudson Street
Associate warehouse,383 4th Center
Associate warehouse,164 Kings Alley
Associate warehouse,753 Stone Corner Drive
Associate warehouse,2600 Dottie Avenue
Associate warehouse,56943 Farwell Parkway
Associate warehouse,16 Heath Circle
Associate warehouse,11395 Farragut Place
Associate warehouse,3 Hagan Road
Associate warehouse,21430 Rieder Center
Associate warehouse,0 Farmco Point
Associate warehouse,6686 Dayton Point
Associate warehouse,61446 Waxwing Crossing
Associate warehouse,4 Charing Cross Parkway
Associate warehouse,036 Corscot Drive
Associate warehouse,8 Oak Place
Associate warehouse,20219 Service Court
Associate warehouse,35 Mockingbird Alley
Associate warehouse,3296 Westridge Plaza
Associate warehouse,24999 West Lane
Associate warehouse,8139 Garrison Avenue
Associate warehouse,04 Doe Crossing Drive
Associate warehouse,35 Stone Corner Parkway
Associate warehouse,8 Tomscot Road
Associate warehouse,6 Sachs Road
Associate warehouse,13359 Arizona Park
Associate warehouse,3 Debs Hill
Associate warehouse,56792 Johnson Crossing
Associate warehouse,1 Pine View Trail
Associate warehouse,6 Ronald Regan Point
Associate warehouse,99 Westend Plaza
Associate warehouse,2 La Follette Street
Associate warehouse,5 Rowland Circle
Associate warehouse,036 Jenifer Court
Associate warehouse,33902 Vera Alley
Associate warehouse,7 3rd Street
Associate warehouse,5 Armistice Plaza
Associate warehouse,89517 Eliot Road
Associate warehouse,0392 Dorton Trail
Associate warehouse,72083 Browning Parkway
Associate warehouse,846 Memorial Place
Associate warehouse,08714 Iowa Road
Associate warehouse,32956 Maywood Lane
Associate warehouse,04 Jana Trail
Associate warehouse,22 Hayes Trail
Associate warehouse,62532 Dayton Drive
Associate warehouse,74645 American Ash Trail
Associate warehouse,535 Oriole Avenue
Associate warehouse,08931 Bartelt Hill
Associate warehouse,8158 Bashford Parkway
Associate warehouse,921 Mallory Pass
Associate warehouse,27356 Ridge Oak Avenue
Associate warehouse,50 Upham Junction
Associate warehouse,54 Paget Point
Associate warehouse,717 Tomscot Terrace
Associate warehouse,95129 Iowa Trail
Associate warehouse,17172 Cottonwood Circle
Associate warehouse,225 Oakridge Drive
Associate warehouse,74 Eagle Crest Hill
Associate warehouse,44 Chive Lane
Associate warehouse,47822 Becker Crossing
Associate warehouse,66 Westridge Hill
Associate warehouse,16 Manitowish Parkway
Associate warehouse,70041 Continental Crossing
Associate warehouse,02 Duke Pass
Associate warehouse,567 Pepper Wood Place
Associate warehouse,57 Vidon Circle
Associate warehouse,4928 Lindbergh Alley
Associate warehouse,461 Fordem Hill
Associate warehouse,2 Hanover Junction
Associate warehouse,4 Mccormick Road
Associate warehouse,4 Forster Plaza
Associate warehouse,45852 Maple Wood Trail
Associate warehouse,935 Stang Alley
Associate warehouse,71695 Kedzie Road
Associate warehouse,9 7th Alley
Associate warehouse,85946 Scoville Junction
Associate warehouse,58472 Green Place
Associate warehouse,06 Express Lane
Associate warehouse,483 Portage Hill
Regork,858 Novick Point
Regork,357 La Follette Alley
Regork,0482 Golf Course Parkway
Regork,3024 Summer Ridge Plaza
Regork,75 Bunker Hill Hill
Regork,22527 Sunbrook Street
Regork,1236 Washington Way
Regork,8 Rieder Point
Regork,1315 Lighthouse Bay Plaza
Regork,5224 Utah Point
Regork,50670 Homewood Center
Regork,20682 Oxford Parkway
Regork,6 Arrowood Crossing
Regork,5886 Del Sol Place
Regork,639 Clemons Crossing
Regork,917 Monica Court
Regork,9334 Cottonwood Point
Regork,63 Harbort Street
Regork,4721 Erie Way
Regork,0102 Fairview Park
Regork,38 Steensland Trail
Regork,5319 Arkansas Court
Regork,871 Everett Park
Regork,081 Green Ridge Park
Regork,5 Surrey Terrace
Regork,3808 Carpenter Park
Regork,382 Clyde Gallagher Lane
Regork,7 International Junction
Regork,7 Kensington Terrace
Regork,5722 Texas Hill
Regork,1472 Doe Crossing Terrace
Regork,0661 Sugar Pass
Regork,76 Fremont Place
Regork,1421 Loeprich Trail
Regork,40 Lukken Road
Regork,63164 6th Terrace
Regork,6570 Dryden Avenue
Regork,0724 Wayridge Trail
Regork,3 Division Lane
Regork,724 South Place
Regork,0 Esch Hill
Regork,7390 Novick Road
Regork,197 Milwaukee Hill
Regork,565 Grover Parkway
Regork,1177 Carberry Alley
Regork,52715 Pierstorff Plaza
Regork,16 Ridge Oak Drive
Regork,453 Killdeer Way
Regork,7541 Coolidge Lane
Regork,26 Elka Hill