vendor_address,primary_phone,email
17420 Banding Street,1726186330,agarden0@123-reg.co.uk
4006 Elgar Avenue,3092758751,pbeaufoy1@tiny.cc
57206 Burrows Junction,4892202649,gsiddens2@blinklist.com
58 Ohio Plaza,5992424366,sdufaur3@webnode.com
5 Dottie Place,5087118749,joxteby4@amazonaws.com
5040 Cottonwood Lane,3502675676,csebrook5@theatlantic.com
9532 Orin Road,7219002394,nspeer6@microsoft.com
5 3rd Parkway,3543347247,athirlaway7@meetup.com
3455 Hauk Crossing,7380474586,ewolseley8@bbb.org
638 Vahlen Road,7497380238,rjannaway9@nba.com
57149 Emmet Alley,1163523780,wgilfethera@netscape.com
6 Pearson Trail,7759952068,tgoldesb@ebay.co.uk
7 Bobwhite Parkway,8262600479,lscocroftc@cam.ac.uk
1 Thierer Plaza,3572642288,mredfordd@xrea.com
15 Luster Road,8603004401,llanghore@gov.uk
4 Kings Hill,9594504958,cgarvaghf@fotki.com
2 Commercial Trail,1185350446,upallisterg@addtoany.com
02021 Nancy Way,5723381855,gantoschh@usatoday.com
264 Everett Center,6738303684,chandyi@house.gov
38980 Ilene Drive,3645044082,bmathieuj@weebly.com
15 Shelley Place,2959237733,sbaudonek@tumblr.com
1668 Melody Parkway,3841866001,dbowmakerl@amazon.co.jp
1 Springview Lane,1895301631,msirmanm@narod.ru
791 Green Lane,6439985794,aprendergastn@paypal.com
17 Nobel Crossing,3462131293,csavaageo@npr.org
834 Cordelia Terrace,6332042459,eshorttp@samsung.com
33 Blue Bill Park Parkway,5050509137,rclewettq@reverbnation.com
4770 Elgar Road,8184078450,gjillardr@nhs.uk
12145 American Ash Parkway,8464921607,loatss@nymag.com
49972 Canary Circle,3285625389,deynaudt@miitbeian.gov.cn
98503 Mendota Park,9866258880,nvanderspohru@squidoo.com
81 Stone Corner Parkway,5126756421,cescofierv@oracle.com
565 Calypso Parkway,9022326593,astubbinsw@chicagotribune.com
26442 Randy Road,3126777675,colrenshawx@example.com
5 Hazelcrest Park,5705996250,bkienzley@biglobe.ne.jp
4 Oakridge Court,5181352843,swaughz@cbc.ca
5 Alpine Lane,8921717231,mondrus10@goo.ne.jp
1252 Melvin Parkway,3985090012,jmaleney11@t-online.de
3784 Hooker Alley,8794710140,dbarenskie12@nsw.gov.au
63655 Mandrake Plaza,9629432473,mswanbourne13@1688.com
68498 Muir Hill,9828354168,sadney14@tinypic.com
2 Spaight Circle,1200198673,dfoster15@nbcnews.com
5 Starling Place,4133605685,bdodimead16@myspace.com
03080 Forest Run Terrace,4788179652,jgriffithe17@msn.com
0406 Hanson Circle,9770028263,kadair18@amazonaws.com
39974 Loeprich Point,4637140549,rburdett19@house.gov
84701 Porter Way,1149769573,sblagbrough1a@go.com
61489 7th Junction,3786433951,gmullin1b@reverbnation.com
49 Lake View Way,8940540928,iperri1c@cpanel.net
12979 Carioca Road,2657708131,lketch1d@reference.com
492 Cardinal Trail,7288273615,pteager1e@chronoengine.com
8 Stuart Place,7050771700,lewdale1f@discuz.net
5027 Ilene Place,2166819569,bmacgillavery1g@usa.gov
040 Charing Cross Junction,6473161835,ldebeneditti1h@123-reg.co.uk
88 Gale Pass,5428934674,bodgaard1i@ning.com
443 Rigney Center,7854154248,nfarquar1j@surveymonkey.com
581 Northridge Way,1330059000,pedwick1k@tripod.com
58492 Colorado Court,6455726522,jboman1l@chicagotribune.com
750 Vermont Avenue,9445310670,bgoady1m@rediff.com
651 Vermont Point,7643358700,cpethrick1n@geocities.com
444 Rusk Trail,8842914290,mbootes1o@last.fm
1863 2nd Point,3084792191,thalvorsen1p@hao123.com
4118 Buena Vista Street,1956882766,zloy1q@barnesandnoble.com
003 Anderson Circle,4868162405,xdairton1r@ning.com
935 Kinsman Point,4243404912,rinett1s@sbwire.com
812 Meadow Ridge Point,3606779636,gcrick1t@aboutads.info
5395 Sommers Trail,3808192728,knafzger1u@toplist.cz
4 Monterey Hill,6373495843,cpegden1v@163.com
8 Duke Pass,8689403411,tiacovides1w@guardian.co.uk
8 Bartillon Terrace,4505449306,istorm1x@163.com
786 Glacier Hill Terrace,3068296673,rsmaridge1y@pagesperso-orange.fr
976 Fieldstone Court,6777566175,nsinkin1z@ted.com
22 Shelley Place,8707440263,jbaumann20@istockphoto.com
92 Colorado Hill,5455627985,tsposito21@blogspot.com
6 Swallow Point,4680734436,cshevlin22@jalbum.net
7 Prentice Pass,9575088126,ghands23@newyorker.com
59 Cardinal Drive,6547883130,cdeortega24@studiopress.com
5 Bunting Avenue,1029838306,pmerrisson25@so-net.ne.jp
5317 Melby Street,1412305623,nwinsbury26@sitemeter.com
8866 Stuart Plaza,1988652300,jmcgarry27@smh.com.au
91 Cody Way,7958315920,mchattey28@smugmug.com
74 Larry Plaza,4733324622,jlabrum29@usatoday.com
886 Schmedeman Avenue,9956404318,kadnam2a@thetimes.co.uk
729 Donald Parkway,3656949865,tlelievre2b@state.tx.us
9695 Holmberg Point,6667685975,eastles2c@gravatar.com
24224 Hallows Court,9567004661,mmaurice2d@redcross.org
8 Warbler Hill,9246865330,khowse2e@hexun.com
2253 Sauthoff Plaza,2142558563,aleek2f@about.me
9577 7th Junction,4293832540,thartles2g@hc360.com
69 Hoepker Point,6417300468,achatan2h@a8.net
42521 Crescent Oaks Crossing,3490612618,tvescovo2i@twitpic.com
180 Sherman Road,7935191995,dboland2j@cbslocal.com
8414 Glacier Hill Circle,4799497473,efarmloe2k@wix.com
747 Harper Circle,3382481088,jmcalpin2l@answers.com
0 Farmco Circle,9472814320,fritchings2m@imdb.com
86 Golf View Lane,8056925509,lcarlesi2n@canalblog.com
6 Hallows Road,4470555636,lallcott2o@sphinn.com
531 Westerfield Pass,2836360268,mpalfery2p@yahoo.com
85505 Becker Crossing,4236317179,nfreak2q@ucsd.edu
9807 Dorton Junction,1263111870,broast2r@forbes.com
9706 Clemons Hill,9218448437,agardener2s@g.co
47374 Coolidge Parkway,9368165692,mkilpin2t@nhs.uk
0976 Arkansas Circle,6915253689,mklimashevich2u@tripadvisor.com
12 John Wall Circle,2364084363,fyepiskov2v@imageshack.us
38868 Talisman Street,1596168530,rduinkerk2w@vinaora.com
7 Dunning Center,4654738263,nwolfendale2x@princeton.edu
79279 Sutteridge Park,1812463219,aroback2y@wp.com
3 Melvin Pass,7799921233,cpopelay2z@arizona.edu
8479 Coolidge Terrace,6707358888,bbaldung30@biblegateway.com
39 West Center,8330403415,narnell31@jimdo.com
7 Thompson Center,7359384877,lierland32@reference.com
524 Sommers Drive,5405147496,lchazelle33@cbc.ca
3323 Hallows Lane,7075702787,okingswood34@google.co.jp
79946 Waubesa Parkway,4359896576,dmaccrosson35@bloomberg.com
84271 Hoffman Court,2453783627,xstillmann36@tripadvisor.com
6 Fremont Parkway,2278399296,kclackers37@php.net
060 Corry Plaza,3864071839,rmadgin38@technorati.com
52231 Crownhardt Point,7882323507,tperrat39@cargocollective.com
3 Express Drive,9650647958,vchittim3a@independent.co.uk
59714 Mendota Way,4554315297,osteinhammer3b@163.com
58 Harbort Point,6422703524,aaxelby3c@apache.org
88 Dawn Trail,9049064314,rhassett3d@reference.com
63 Bellgrove Parkway,7319826269,jmarushak3e@apple.com
35 Dawn Way,5252582784,gbowie3f@reference.com
64 Lien Center,4418329447,geberz3g@php.net
3 Tennessee Drive,7162841514,hbraim3h@hp.com
54 Sunbrook Street,6595818681,ddinning3i@aboutads.info
690 Northview Alley,2404643690,tmucci3j@indiatimes.com
7 Jay Pass,6203994701,dpettiford3k@studiopress.com
62700 Morrow Point,1869181718,cmathiot3l@is.gd
4 Scoville Court,3006504920,tmccreagh3m@irs.gov
7249 Macpherson Lane,4929889916,dmanley3n@prlog.org
183 Stone Corner Center,5780929246,htomich3o@prnewswire.com
8 Cherokee Way,9311251991,skubasiewicz3p@cloudflare.com
05106 Jay Center,5876400148,scouzens3q@ucoz.ru
51835 Kings Drive,9908594158,icleary3r@va.gov
7 Brown Alley,9945342056,btolomei3s@sciencedirect.com
12479 Maple Wood Pass,6361812290,sjewer3t@ovh.net
66 Hagan Junction,7997596600,gcobby3u@scientificamerican.com
23 Stang Place,3612307466,ldiggin3v@i2i.jp
124 Sundown Trail,1902957468,fmotte3w@scribd.com
84 Veith Junction,1612579119,imarling3x@pinterest.com
16434 Westerfield Pass,6318728382,nweeds3y@ebay.co.uk
23 Westerfield Trail,2463724978,zburchard3z@redcross.org
859 Golf View Circle,2392390248,amiguel40@hubpages.com
01 Marquette Road,9101075373,nsudy41@ftc.gov
8 Granby Way,7310287490,ecoggill42@earthlink.net
639 Ridgeway Terrace,5830101167,jeliff43@walmart.com
163 Ridgeway Avenue,4199831381,sbisset44@vk.com
6116 Menomonie Street,7908662081,aewbanche45@xinhuanet.com
768 Express Plaza,8821555627,eabels46@smh.com.au
807 Victoria Plaza,7197153791,sreaditt47@mysql.com
78795 Eagan Junction,8884829815,fallberry48@mapquest.com
0471 Dottie Terrace,2065228818,bdemsey49@t-online.de
94645 Mcbride Center,1796403070,nrennard4a@java.com
18764 Crescent Oaks Lane,9371956918,gdoone4b@reference.com
45 Monterey Street,4343732355,dseadon4c@unicef.org
30618 Superior Drive,8876933847,gpamment4d@usatoday.com
784 Monument Park,3942917832,tforte4e@harvard.edu
92190 Moulton Place,5227387076,rduchateau4f@diigo.com
5749 Toban Center,3366375437,fgerren4g@weebly.com
05 Crest Line Lane,2792789884,kparzis4h@shutterfly.com
015 Rusk Way,4044664137,sskones4i@bigcartel.com
3 Sheridan Plaza,8038724202,svanni4j@fastcompany.com
627 Loftsgordon Pass,4039461933,lmcfeat4k@bbc.co.uk
2615 Warbler Trail,6304005425,kcheeseman4l@psu.edu
21 Portage Point,4378078350,wwhicher4m@state.gov
50 Fremont Circle,1128857070,aclutterbuck4n@about.me
053 Hollow Ridge Junction,3201180552,sbenne4o@foxnews.com
675 Bonner Crossing,8214738291,nbalden4p@netlog.com
9 Northridge Place,5683365098,jbevan4q@ucla.edu
6 Kings Avenue,6112513537,bspellessy4r@samsung.com
3848 Banding Center,1939372561,nseide4s@dagondesign.com
1 Dennis Crossing,8513164668,skeggins4t@tripod.com
080 Main Plaza,8768561109,rtomaszkiewicz4u@slate.com
42 Fallview Park,2857442398,pbeaty4v@huffingtonpost.com
9 Cottonwood Alley,3932536895,cscholard4w@oracle.com
543 Eagan Junction,5495082195,epitkaithly4x@hud.gov
847 Pearson Point,1703874512,blodge4y@blogtalkradio.com
7 Montana Alley,2881084357,rridel4z@so-net.ne.jp
86904 Sloan Street,1046706102,tgrigorio50@whitehouse.gov
2286 Tomscot Circle,6702284094,asimoneton51@unblog.fr
0 Mandrake Hill,8107794395,dbastiman52@biblegateway.com
327 Bay Center,3171166917,fcastri53@umn.edu
5 Pine View Road,1668294903,egrestie54@guardian.co.uk
7 Calypso Way,9124115137,tdykes55@scientificamerican.com
7 Hallows Plaza,8727171785,tbrumwell56@dailymotion.com
71597 Garrison Alley,5007777450,cbirkenhead57@blinklist.com
9 Holmberg Park,4096245774,tvasyunichev58@state.tx.us
39 Mitchell Parkway,8419465661,cmendonca59@1und1.de
21022 Kingsford Trail,5581908199,skenchington5a@dailymail.co.uk
64 Hayes Drive,1579788941,dharefoot5b@godaddy.com
37 Nevada Park,7229412082,nodriscoll5c@thetimes.co.uk
4 Arapahoe Crossing,6090654715,aesterbrook5d@pbs.org
3 Mallory Court,9480848684,lsaphin5e@mail.ru
6860 Helena Drive,3996310041,ggreatbanks5f@thetimes.co.uk
6438 Bonner Park,3676428400,gtait5g@guardian.co.uk
5396 Heath Junction,7566659146,nshera5h@tmall.com
715 Moulton Trail,4390359929,lovesen5i@narod.ru
06385 Golden Leaf Parkway,9168256889,dabrahams5j@lycos.com
3430 Rowland Point,2720978461,nadshede5k@loc.gov
496 Harbort Circle,5024713098,dwoodcroft5l@godaddy.com
1 Raven Lane,8651323150,tcrutch5m@scientificamerican.com
44 Barby Pass,6492531710,ftelega5n@google.it
43302 Coleman Road,2738162324,zgarbert5o@google.com
59 Golf Point,9809741276,cditzel5p@ehow.com
6964 Vidon Pass,6562174927,rklimshuk5q@bbc.co.uk
5166 Pleasure Road,8234475521,bechallie5r@google.com.br
078 Scott Court,3801860192,cpenniell5s@archive.org
85187 Luster Drive,6021887892,lronisch5t@51.la
73 Arkansas Court,3021642516,cfeyer5u@hhs.gov
5 Green Ridge Court,9001252433,tvicar5v@clickbank.net
1 Meadow Valley Park,2315484994,cbreakspear5w@slideshare.net
13025 Spohn Trail,3397643610,tkeningley5x@spotify.com
01 Graedel Lane,3902070745,phonywill5y@skype.com
72 Lighthouse Bay Way,5375037243,ehawson5z@cbsnews.com
1991 Eggendart Crossing,1078438761,cmelanaphy60@fastcompany.com
1608 Shopko Point,2113492332,cjosefovic61@oaic.gov.au
71 Caliangt Trail,6172802354,rborland62@tiny.cc
37675 Brown Trail,5536837673,tperegrine63@ucsd.edu
633 Leroy Way,6231872588,jducham64@yellowpages.com
6 Elgar Crossing,2187959166,vkimber65@lycos.com
66863 Laurel Parkway,2914045173,nrankmore66@ycombinator.com
13279 Sullivan Trail,1990364114,bmerrill67@dailymotion.com
515 Springview Pass,2977115388,smarcum68@bing.com
2100 Victoria Way,1008489770,abolino69@homestead.com
06 Sachtjen Terrace,8975708006,rstreetley6a@slate.com
25 Fieldstone Crossing,9542539981,aespinos6b@cmu.edu
59839 Monica Drive,3713504855,kgeorgeson6c@yellowpages.com
16 Brown Road,9409704144,mcapell6d@mozilla.com
69 Kropf Alley,9788093550,vbiss6e@cyberchimps.com
06391 Pine View Park,8372609855,akelsell6f@dailymail.co.uk
0 Green Point,4840976778,gnorthing6g@businessweek.com
31817 Nancy Terrace,8624466669,rrenzo6h@live.com
4 Scoville Pass,4977747154,nromeo6i@123-reg.co.uk
2 Jenifer Center,6637216280,epitherick6j@sfgate.com
161 Esch Drive,4588887606,fwhitters6k@shutterfly.com
6462 Northwestern Hill,5034654816,ycatford6l@usnews.com
82 Spaight Parkway,5417752107,ilyttle6m@seattletimes.com
348 Lawn Drive,2781790922,cstamps6n@unicef.org
09 Londonderry Trail,4521878667,yhover6o@narod.ru
029 Kinsman Hill,1367560586,cpoplee6p@clickbank.net
60 Brickson Park Junction,2477797466,mbehnecke6q@g.co
234 Reinke Park,3722974068,gyashnov6r@w3.org
1212 Goodland Junction,9719773924,tdilon6s@gov.uk
2626 Sloan Plaza,3580358645,ggoad6t@blinklist.com
0045 Kingsford Parkway,7683653205,oortell6u@nih.gov
84 Kedzie Street,3750913085,gmessier6v@omniture.com
98 La Follette Center,1921130820,jaucock6w@umich.edu
374 Ridgeway Circle,8560239731,ayanuk6x@storify.com
52180 Aberg Avenue,2891839868,fkayne6y@chicagotribune.com
4 Becker Way,5507701010,pware6z@go.com
86 Oakridge Hill,3262998762,eguyan70@cnet.com
836 Jay Plaza,2575303895,mesome71@list-manage.com
4812 Morningstar Terrace,5633068713,kellar72@biblegateway.com
07040 Jenna Trail,6963565551,oeastgate73@dmoz.org
51 Green Place,5153091394,zhaacker74@cbsnews.com
9155 Blue Bill Park Road,3301035665,lmaith75@about.me
28 New Castle Crossing,3763585471,ssasser76@imdb.com
3 Corry Park,6141023660,hellesworth77@sitemeter.com
2 Rieder Avenue,3443977718,sgretham78@npr.org
40392 Elka Junction,5331993795,pduce79@cargocollective.com
306 Boyd Parkway,9334710114,ltiebe7a@nbcnews.com
80 Elka Street,7343439209,fmalthus7b@e-recht24.de
92 Lakeland Center,2987437518,smckimmey7c@flavors.me
43977 Paget Lane,7093221066,fsouza7d@techcrunch.com
16 Mosinee Avenue,6065079801,cdana7e@usnews.com
80 Leroy Trail,4314727184,pstrasse7f@ameblo.jp
47 Oriole Road,3693832893,gwillment7g@delicious.com
26 Park Meadow Road,6945746035,hzanneli7h@pinterest.com
01564 Dawn Hill,8405399770,bgethen7i@earthlink.net
93 Mockingbird Circle,7863587879,rpullar7j@t.co
6 Elgar Hill,1348470194,wbuckles7k@illinois.edu
82948 Tony Point,8288018827,holliar7l@gmpg.org
123 Sutteridge Hill,5372127766,vmcterry7m@google.com
47532 Hollow Ridge Road,2620208183,hstearn7n@hubpages.com
629 Jackson Center,8152707107,jmcgannon7o@wordpress.org
522 South Park,1841382823,cbeales7p@goodreads.com
395 Del Mar Drive,8008378732,kmatthesius7q@imgur.com
094 Roth Center,3850531781,rschruur7r@ucoz.ru
63931 Buhler Street,8675383208,rmenauteau7s@icq.com
459 Fremont Crossing,6153530167,gwoolham7t@drupal.org
4782 Hintze Circle,1305202846,jdenisovich7u@upenn.edu
11691 Welch Plaza,4079379939,amcelory7v@behance.net
3005 Packers Center,8965685252,rkarpf7w@apache.org
073 Duke Circle,7116146352,cfranzotto7x@ebay.com
84523 Eggendart Parkway,6188550693,gpaffot7y@whitehouse.gov
63 Muir Place,2822065911,cbandy7z@unblog.fr
39 Summer Ridge Plaza,3115935642,cgeertz80@mit.edu
35348 Delaware Trail,1217080419,bsavatier81@t-online.de
3265 Kensington Court,1490062347,bburren82@123-reg.co.uk
67395 Homewood Crossing,8123524755,nlowthian83@drupal.org
74843 Carpenter Alley,2646260033,ckirwan84@netscape.com
8732 Towne Plaza,9272969235,fyorath85@ask.com
8 Ridgeway Plaza,2749637147,omaccook86@skyrock.com
36399 Hollow Ridge Hill,7448204430,jdimic87@patch.com
9 Maple Hill,7016830854,evader88@feedburner.com
967 Rusk Crossing,4451701640,ekuscha89@cbsnews.com
9 Ilene Court,8787793987,rmacdowall8a@163.com
9 Scott Alley,4829029591,dohegertie8b@wsj.com
14 Sugar Lane,4564992676,tnortham8c@dion.ne.jp
406 Burning Wood Point,1574306898,tpearle8d@hao123.com
7 Veith Hill,5566681205,cvarnals8e@so-net.ne.jp
86328 Superior Road,9181897036,mvalenssmith8f@google.ca
5177 Mayer Terrace,7818704947,lgamblin8g@last.fm
5 Corben Hill,7670313959,sbyham8h@stanford.edu
9 Ridgeview Crossing,4069407890,croblett8i@usnews.com
6 Birchwood Center,1525499889,scuseck8j@flavors.me
0 Donald Street,2587702964,gpacquet8k@twitter.com
9048 Sutteridge Trail,9530204372,tbatrop8l@amazonaws.com
14 Moland Plaza,7572574016,lpitfield8m@engadget.com
83134 Kedzie Terrace,4475307993,rkollatsch8n@imdb.com
39 Luster Place,5657326835,osmails8o@topsy.com
8606 Carey Crossing,9429382422,cmcgillicuddy8p@wikimedia.org
57245 Elgar Trail,7421314964,nhansford8q@businesswire.com
7014 Jana Street,4207447268,ckebbell8r@ustream.tv
31 5th Road,7613630071,pkeyworth8s@rakuten.co.jp
81226 Crowley Pass,6834147483,gbaudts8t@marketwatch.com
8 4th Court,6539374297,hcunniffe8u@whitehouse.gov
7735 Gateway Way,7433527259,gklausewitz8v@cafepress.com
7337 Forest Dale Parkway,1854796298,edymott8w@networksolutions.com
167 Rockefeller Park,8525260312,nszymanowski8x@ezinearticles.com
0092 Hintze Plaza,6102144238,mwoonton8y@wp.com
29809 Surrey Drive,5073419432,mstrother8z@adobe.com
1780 Maple Wood Lane,1648727250,ulimeburn90@cornell.edu
4 Darwin Place,8485670557,apunton91@dion.ne.jp
291 Nevada Park,1120358399,gpohls92@cdbaby.com
08094 Banding Plaza,6979370624,lbayly93@jiathis.com
25810 Fallview Plaza,4423991242,rlavall94@google.pl
76 Forest Run Lane,1105342822,lfarny95@toplist.cz
872 Mosinee Terrace,2384293712,rcaraher96@geocities.com
53 Green Ridge Lane,6933569244,tcorbie97@stanford.edu
72 Talisman Plaza,1549569535,mvedishchev98@google.nl
9 Park Meadow Place,1248840454,ablaisdell99@psu.edu
394 Summer Ridge Pass,3337209655,agiacobini9a@purevolume.com
48 Mccormick Point,5170253138,jsambedge9b@msn.com
21 Village Green Trail,5625229271,ffidgin9c@prnewswire.com
5 Moose Parkway,8387763357,owilcot9d@hp.com
3 Debra Street,9746684053,gcopplestone9e@blogs.com
0 Hermina Alley,5236006242,idsouza9f@geocities.jp
3 Grim Center,8320269043,lpottage9g@yahoo.com
1958 Waywood Trail,7636098431,rtolchard9h@mayoclinic.com
249 Arrowood Avenue,3049537411,jstoffersen9i@alibaba.com
7 Riverside Place,2127789094,wguiraud9j@archive.org
6 1st Trail,8077977410,jschulke9k@addthis.com
3197 Dwight Park,7181483458,wpatullo9l@buzzfeed.com
673 Valley Edge Pass,8858095982,nmenego9m@bloglines.com
1 Service Lane,9704737098,hduchasteau9n@cnet.com
23940 Continental Trail,4765689731,tauton9o@yahoo.com
9755 Waxwing Center,4716779867,mgentzsch9p@360.cn
665 Holy Cross Center,2515954913,wbroadbent9q@unicef.org
55 Cardinal Center,5307863038,cgreenset9r@ehow.com
17252 Duke Trail,7976404871,eiorizzi9s@bloglines.com
2935 Bay Alley,7769228757,mrossander9t@wordpress.org
76 Fieldstone Trail,8356784609,tcressy9u@examiner.com
30 Bowman Way,1774549843,ksalter9v@nbcnews.com
713 Surrey Terrace,4298885250,jsutcliff9w@eepurl.com
69728 Farragut Plaza,5930493588,thoundsom9x@cocolog-nifty.com
848 Bashford Plaza,9333229490,tturpin9y@twitter.com
428 Garrison Road,8298893960,sbertomier9z@loc.gov
88 Veith Crossing,7521430531,rbeavera0@cnet.com
62 Fieldstone Center,2697357739,aolina1@devhub.com
8 Golf Avenue,7712881129,astringfellowa2@aol.com
54 Moland Street,9088977690,kmuriela3@sun.com
38225 Trailsway Point,9029644365,smabbea4@facebook.com
73165 Algoma Alley,6613032394,cmewesa5@oaic.gov.au
679 Waxwing Plaza,9398663938,wjohnstona6@biblegateway.com
2 Atwood Parkway,3195124884,veddowa7@webnode.com
314 Sage Center,7729161911,tdionisioa8@altervista.org
602 Miller Plaza,2558528113,castleta9@mysql.com
118 Fremont Place,5945838519,jwestmerlandaa@fc2.com
3 Tennyson Terrace,4882723939,kbruunab@paginegialle.it
60946 Meadow Vale Center,7253543196,mwyvillac@bbb.org
1321 Schmedeman Way,8912694333,ecroughanad@cornell.edu
6 Chinook Alley,9620991842,dgerdingae@adobe.com
185 Meadow Ridge Drive,5802413135,ssewallaf@hp.com
72023 Basil Court,7927590718,eumbertag@bizjournals.com
66241 Jana Drive,9206487389,schesworthah@phoca.cz
3 Paget Hill,7839324929,gblasliai@sourceforge.net
8 Shelley Drive,2342540653,gnovisaj@nymag.com
3 Lerdahl Lane,6857147890,ndronak@uol.com.br
2 Duke Park,2251854363,sdarbonal@wordpress.org
3 Schiller Way,1381519233,cbosquetam@friendfeed.com
73830 Vidon Circle,4635926402,acreesean@reuters.com
0026 Westport Trail,8137149627,ddillicateao@statcounter.com
910 Ridgeway Street,9292222366,ddrippsap@ifeng.com
74277 Talmadge Terrace,9079446044,smartinovicaq@cdc.gov
1139 Anderson Drive,1769656541,doneilar@people.com.cn
1620 Paget Place,9748197525,arounsivallas@i2i.jp
389 Spaight Avenue,7032197709,cdastat@a8.net
5556 Packers Plaza,9673259143,rtolchardeau@i2i.jp
96765 Norway Maple Crossing,8551577239,skeatingav@elpais.com
5771 Roxbury Crossing,6515466465,ofollosaw@livejournal.com
7 Loeprich Circle,4544619384,inazerax@mlb.com
02235 Melrose Court,1456354379,bshoppeeay@archive.org
3997 Straubel Hill,4011467477,astancliffeaz@rakuten.co.jp
9952 Ryan Road,7597931312,ttesdaleb0@storify.com
71 Maryland Center,5281517574,gcoldmanb1@opensource.org
6 Coleman Place,1697479673,hmccluinb2@opera.com
463 5th Trail,2679395469,fhunnybunb3@indiatimes.com
05 Del Sol Trail,1752976080,chenstridgeb4@fc2.com
5 Hagan Place,5294856225,swhenmanb5@feedburner.com
8 Vermont Way,7124141431,rdodsleyb6@mac.com
06779 Manley Terrace,5978210965,rheymannb7@yandex.ru
145 Kings Park,4693204199,dtyrieb8@merriam-webster.com
25296 Chinook Point,5596468016,ecollinsonb9@businesswire.com
08 Memorial Center,2815534364,hdorsetba@tinyurl.com
92 Killdeer Junction,5905388005,fjoontjesbb@nps.gov
64464 Mcguire Drive,2037150162,aagostinibc@skyrock.com
68 Jenifer Terrace,3531528479,spottsbd@ox.ac.uk
89012 Riverside Center,2055909668,scrasfordbe@state.gov
44700 Ryan Park,1065175714,afinebf@google.com.au
72 Mifflin Point,5813120412,pearlebg@drupal.org
2 Golden Leaf Center,2426571328,mtiptonbh@drupal.org
5666 Morrow Crossing,6044546089,cpeedellbi@nps.gov
8 Park Meadow Point,7747148480,ckayzerbj@digg.com
142 Nevada Point,8030478981,bjeandeaubk@ebay.co.uk
36670 Karstens Crossing,4984983973,qprodrickbl@dell.com
02974 Stoughton Park,2223885893,clennonbm@chicagotribune.com
8 Pearson Drive,6808776542,bstockenbn@macromedia.com
1 Summer Ridge Center,4921003389,amcnellybo@blogspot.com
85988 Clove Center,3423123759,tdominicobp@redcross.org
01 Di Loreto Trail,6273357416,blaxtonnebq@globo.com
04 Pond Parkway,5952389026,qspriginbr@unc.edu
556 Glendale Hill,2199530394,iscynerbs@yahoo.co.jp
361 Sachtjen Drive,4151654363,okwietakbt@wikipedia.org
90 Holy Cross Drive,7279014502,nsidebu@360.cn
211 Hanover Road,1414939478,kspurriarbv@google.com
29 Browning Drive,2268282414,jinchbaldbw@walmart.com
8 Eastlawn Crossing,1647861609,jcassybx@stumbleupon.com
52 Fordem Lane,5116894436,fpepperellby@flickr.com
30157 Iowa Crossing,1475426585,vbackshellbz@xinhuanet.com
076 Hazelcrest Parkway,7511455577,khandscombec0@harvard.edu
73223 Mitchell Junction,6625883652,spaolicchic1@php.net
93 Russell Plaza,9976424141,sbedburrowc2@blog.com
72 Starling Trail,4613370101,bhandsheartc3@clickbank.net
806 Paget Lane,2298064509,kglenwrightc4@harvard.edu
7328 Declaration Alley,9991725825,mwattishamc5@washingtonpost.com
05544 Debs Point,8434849174,acaronc6@independent.co.uk
62710 Harbort Circle,6816581365,mpeattiec7@nba.com
686 Derek Point,6885478930,akentc8@naver.com
4161 Service Avenue,1317869891,lvanthoffc9@skype.com
954 Farragut Parkway,5204983648,cgilphillanca@mozilla.com
49879 Clemons Way,8498240058,emaccoughencb@columbia.edu
00365 Blackbird Pass,9914921735,phawthornecc@fema.gov
719 Pepper Wood Park,9146855813,dcasselcd@uiuc.edu
768 Northview Parkway,9501058353,gwiddowfieldce@geocities.jp
2939 Canary Center,6284882702,bashelfordcf@comcast.net
46 Comanche Lane,9686033818,emedewaycg@soundcloud.com
28517 Old Gate Avenue,7479260319,rkielych@merriam-webster.com
826 Coleman Way,8584801845,mroffci@bloomberg.com
1 Burrows Junction,9891131972,gbrookesbiecj@mit.edu
33 Vahlen Hill,3892294408,kbletsoeck@bandcamp.com
8 Pepper Wood Lane,6750426622,rmcguinleycl@so-net.ne.jp
31 Sundown Park,4131753335,kmaliphantcm@bravesites.com
112 Bunker Hill Center,6684341129,hplancn@nbcnews.com
503 Rutledge Hill,2933712942,berskinco@smh.com.au
9687 Hansons Alley,3310327175,weelescp@sohu.com
8 Kensington Center,3957310431,sdurningcq@cbsnews.com
9 Cherokee Plaza,6252653265,ahardancr@stanford.edu
01833 Jackson Parkway,2227409261,nmarzelecs@microsoft.com
8952 Hauk Court,5666610983,aloudwellct@exblog.jp
513 Northview Center,2087361459,ytussainecu@auda.org.au
462 Heath Trail,5523929099,froopercv@infoseek.co.jp
1721 Gateway Park,3239432547,ttomlincw@google.es
53 Boyd Plaza,4180394557,jveillardcx@cbslocal.com
8968 School Park,4950135459,acalafatecy@people.com.cn
563 Manley Alley,2614476863,cpearmancz@people.com.cn
07 Di Loreto Terrace,6778215161,hyud0@dailymail.co.uk
10 Buena Vista Terrace,7001644739,ssarverd1@miibeian.gov.cn
707 Petterle Park,1513219227,jbroschd2@theatlantic.com
66 Brickson Park Hill,3216782908,holenind3@weibo.com
12 Buena Vista Plaza,7143816429,cedlestoned4@nsw.gov.au
106 Hauk Junction,1282028164,ebuttressd5@japanpost.jp
958 Haas Place,5351304074,hpryerd6@istockphoto.com
051 Sage Pass,4261679129,dhenninghamd7@accuweather.com
0567 3rd Road,8248406218,khyltond8@china.com.cn
11 Shasta Place,2533639655,obodycoted9@mayoclinic.com
79 Moulton Road,6036749931,psprowellda@bigcartel.com
6 Spaight Way,7399981832,mgarrdb@people.com.cn
53650 Northridge Junction,7550215344,mpresswelldc@wired.com
67 Miller Alley,5755776448,kgaffondd@google.com.hk
4 Spohn Park,3482627573,ccowderayde@reference.com
72813 Barby Court,1444521326,mburchessdf@dmoz.org
1 Springs Terrace,8748082455,bruxtondg@bing.com
9 Tomscot Place,6383536147,wbullarddh@youtube.com
23 Ruskin Avenue,9232295136,rmogradi@vimeo.com
22584 Randy Junction,8171696220,wvescovinidj@ebay.co.uk
298 Scott Plaza,5471156647,abestondk@360.cn
920 Hoepker Alley,3352926880,tdummettdl@hubpages.com
34469 Swallow Road,2016627211,promeradm@xinhuanet.com
27568 Derek Point,2510721078,cvaulsdn@chron.com
039 Eliot Point,9844386322,clardierdo@shutterfly.com
48 Farmco Hill,6901792176,egribbendp@tumblr.com
07667 Butternut Court,5854702510,mmanchesterdq@youtu.be
88 Ryan Terrace,8635092224,mhorrigandr@blogger.com
65935 Mifflin Trail,5881974692,vberresfordds@utexas.edu
41 Dottie Road,3142591833,sterrellydt@chicagotribune.com
15939 Corry Road,4755156189,mstollenbeckdu@hatena.ne.jp
4203 Becker Road,5736643595,kakselldv@pagesperso-orange.fr